{"schema-information":{"NetworkElement_Pac":{"id":"NetworkElement_Pac","uml-id":"_RamCUPaMEeaW9u5N6usiTA","uml-type":"uml:Class","is-read-only":false,},
"_networkElement":{"id":"_networkElement","uml-id":"_5z06cPaNEeaW9u5N6usiTA","uml-type":"ownedAttribute","type":"../OnfModel/CoreModel.uml#_oGqnr1LNEeO75dO39GbF8Q","order-number":1,"is-read-only":false,},
"_networkElementCapability":{"id":"_networkElementCapability","uml-id":"_8cqIcPaOEeaW9u5N6usiTA","uml-type":"ownedAttribute","type":"_1_TVYPaMEeaW9u5N6usiTA","order-number":2,"is-read-only":false,},
"_networkElementConfiguration":{"id":"_networkElementConfiguration","uml-id":"_9N6mQPaOEeaW9u5N6usiTA","uml-type":"ownedAttribute","type":"_Pu6HIPaNEeaW9u5N6usiTA","order-number":3,"is-read-only":false,},
"_networkElementStatus":{"id":"_networkElementStatus","uml-id":"_94z9YPaOEeaW9u5N6usiTA","uml-type":"ownedAttribute","type":"_g5u0YPaNEeaW9u5N6usiTA","order-number":4,"is-read-only":false,},
"_networkElementCurrentProblems":{"id":"_networkElementCurrentProblems","uml-id":"_-imhQvaOEeaW9u5N6usiTA","uml-type":"ownedAttribute","type":"_Pu6HIfaNEeaW9u5N6usiTA","order-number":5,"is-read-only":false,},
"NetworkElementCapability":{"id":"NetworkElementCapability","uml-id":"_1_TVYPaMEeaW9u5N6usiTA","uml-type":"uml:Class","is-read-only":false,},
"supportedAlarms":{"id":"supportedAlarms","uml-id":"_FuRNAParEeaW9u5N6usiTA","uml-type":"ownedAttribute","type":"","order-number":1,"is-read-only":true,},
"NetworkElementConfiguration":{"id":"NetworkElementConfiguration","uml-id":"_Pu6HIPaNEeaW9u5N6usiTA","uml-type":"uml:Class","is-read-only":false,},
"problemTypeSeverityList":{"id":"problemTypeSeverityList","uml-id":"_KpmMoPatEeaW9u5N6usiTA","uml-type":"ownedAttribute","type":"_rvDAAPasEeaW9u5N6usiTA","order-number":1,"is-read-only":false,
"description":["Severity of the problem to be configured."]},
"triggerRefresh":{"id":"triggerRefresh","uml-id":"_F6C-8Pm7EeaOH6heSczBpQ","uml-type":"ownedAttribute","type":"pathmap://UML_LIBRARIES/UMLPrimitiveTypes.library.uml#Boolean","order-number":2,"is-read-only":false,
"description":["A trigger to instuct the netconf server to refresh its internal database/cache. It is primary used for alarms status, but could used for anything else too. It is assumed that the refresh mechanismn takes somes time. In order to indictate the process to the controller a refreshStatus attribute is used."]},
"NetworkElementStatus":{"id":"NetworkElementStatus","uml-id":"_g5u0YPaNEeaW9u5N6usiTA","uml-type":"uml:Class","is-read-only":false,},
"refreshStatus":{"id":"refreshStatus","uml-id":"_w0x8wPm3EeaOH6heSczBpQ","uml-type":"ownedAttribute","type":"_7HZcEPm3EeaOH6heSczBpQ","order-number":1,"is-read-only":true,},
"NetworkElementCurrentProblems":{"id":"NetworkElementCurrentProblems","uml-id":"_Pu6HIfaNEeaW9u5N6usiTA","uml-type":"uml:Class","is-read-only":false,},
"currentProblemList":{"id":"currentProblemList","uml-id":"_kM95MPatEeaW9u5N6usiTA","uml-type":"ownedAttribute","type":"_0XQ-UPmyEeaOH6heSczBpQ","order-number":1,"is-read-only":true,},
"Equipment_Pac":{"id":"Equipment_Pac","uml-id":"_VtO8MPaMEeaW9u5N6usiTA","uml-type":"uml:Class","is-read-only":false,},
"_equipment":{"id":"_equipment","uml-id":"_92PqMfaREeaW9u5N6usiTA","uml-type":"ownedAttribute","type":"../OnfModel/CoreModel.uml#_8SXNej-HEeaRI-H69PghuA","order-number":1,"is-read-only":false,},
"_equipmentCapability":{"id":"_equipmentCapability","uml-id":"_CDGk0vaVEeaW9u5N6usiTA","uml-type":"ownedAttribute","type":"_g5u0YfaNEeaW9u5N6usiTA","order-number":2,"is-read-only":false,},
"_equipmentConfiguration":{"id":"_equipmentConfiguration","uml-id":"_eC20QvaVEeaW9u5N6usiTA","uml-type":"ownedAttribute","type":"_OGWN4PaNEeaW9u5N6usiTA","order-number":3,"is-read-only":false,},
"_equipmentStatus":{"id":"_equipmentStatus","uml-id":"_vVSlY_aVEeaW9u5N6usiTA","uml-type":"ownedAttribute","type":"_gJH6APaREeaW9u5N6usiTA","order-number":4,"is-read-only":false,},
"_equipmentCurrentProblems":{"id":"_equipmentCurrentProblems","uml-id":"_4WaAkvaVEeaW9u5N6usiTA","uml-type":"ownedAttribute","type":"_kRHqIPaREeaW9u5N6usiTA","order-number":5,"is-read-only":false,},
"EquipmentCapability":{"id":"EquipmentCapability","uml-id":"_g5u0YfaNEeaW9u5N6usiTA","uml-type":"uml:Class","is-read-only":false,},
"supportedAlarms":{"id":"supportedAlarms","uml-id":"__dB4cPaqEeaW9u5N6usiTA","uml-type":"ownedAttribute","type":"","order-number":1,"is-read-only":true,
"description":["Available alarms to be listed. Names are to be separated by commas."]},
"EquipmentConfiguration":{"id":"EquipmentConfiguration","uml-id":"_OGWN4PaNEeaW9u5N6usiTA","uml-type":"uml:Class","is-read-only":false,},
"problemTypeSeverityList":{"id":"problemTypeSeverityList","uml-id":"_Yxy2YPatEeaW9u5N6usiTA","uml-type":"ownedAttribute","type":"_rvDAAPasEeaW9u5N6usiTA","order-number":1,"is-read-only":false,
"description":["Severity of the problem to be configured."]},
"EquipmentStatus":{"id":"EquipmentStatus","uml-id":"_gJH6APaREeaW9u5N6usiTA","uml-type":"uml:Class","is-read-only":false,},
"EquipmentCurrentProblems":{"id":"EquipmentCurrentProblems","uml-id":"_kRHqIPaREeaW9u5N6usiTA","uml-type":"uml:Class","is-read-only":false,},
"currentProblemList":{"id":"currentProblemList","uml-id":"_pq6voPatEeaW9u5N6usiTA","uml-type":"ownedAttribute","type":"_TBaooPasEeaW9u5N6usiTA","order-number":1,"is-read-only":true,},
"Holder_Pac":{"id":"Holder_Pac","uml-id":"_dECKoPaMEeaW9u5N6usiTA","uml-type":"uml:Class","is-read-only":false,},
"_holder":{"id":"_holder","uml-id":"_TNk0IfaSEeaW9u5N6usiTA","uml-type":"ownedAttribute","type":"../OnfModel/CoreModel.uml#_8SXNjj-HEeaRI-H69PghuA","order-number":1,"is-read-only":false,},
"_holderCapability":{"id":"_holderCapability","uml-id":"_iOdj8vaTEeaW9u5N6usiTA","uml-type":"ownedAttribute","type":"_gtTvsPaSEeaW9u5N6usiTA","order-number":2,"is-read-only":false,},
"_holderConfiguration":{"id":"_holderConfiguration","uml-id":"_wGiuEvaTEeaW9u5N6usiTA","uml-type":"ownedAttribute","type":"_g8TN8PaSEeaW9u5N6usiTA","order-number":3,"is-read-only":false,},
"_holderCurrentProblems":{"id":"_holderCurrentProblems","uml-id":"_AoVFYvaUEeaW9u5N6usiTA","uml-type":"ownedAttribute","type":"_hJQE0PaSEeaW9u5N6usiTA","order-number":4,"is-read-only":false,},
"_holderStatus":{"id":"_holderStatus","uml-id":"_PK9BUPaUEeaW9u5N6usiTA","uml-type":"ownedAttribute","type":"_hDSmwPaSEeaW9u5N6usiTA","order-number":5,"is-read-only":false,},
"HolderCapability":{"id":"HolderCapability","uml-id":"_gtTvsPaSEeaW9u5N6usiTA","uml-type":"uml:Class","is-read-only":false,},
"supportedAlarms":{"id":"supportedAlarms","uml-id":"_p0qB0PaqEeaW9u5N6usiTA","uml-type":"ownedAttribute","type":"","order-number":1,"is-read-only":true,
"description":["Available alarms to be listed. Names are to be separated by commas."]},
"HolderConfiguration":{"id":"HolderConfiguration","uml-id":"_g8TN8PaSEeaW9u5N6usiTA","uml-type":"uml:Class","is-read-only":false,},
"problemTypeSeverityList":{"id":"problemTypeSeverityList","uml-id":"_aJ0ZQPatEeaW9u5N6usiTA","uml-type":"ownedAttribute","type":"_rvDAAPasEeaW9u5N6usiTA","order-number":1,"is-read-only":false,
"description":["Severity of the problem to be configured."]},
"HolderStatus":{"id":"HolderStatus","uml-id":"_hDSmwPaSEeaW9u5N6usiTA","uml-type":"uml:Class","is-read-only":false,},
"HolderCurrentProblems":{"id":"HolderCurrentProblems","uml-id":"_hJQE0PaSEeaW9u5N6usiTA","uml-type":"uml:Class","is-read-only":false,},
"currentProblemList":{"id":"currentProblemList","uml-id":"_qmKP4PatEeaW9u5N6usiTA","uml-type":"ownedAttribute","type":"_TBaooPasEeaW9u5N6usiTA","order-number":1,"is-read-only":true,},
"CurrentProblemType":{"id":"CurrentProblemType","uml-id":"_TBaooPasEeaW9u5N6usiTA","uml-type":"uml:DataType",},
"problemName":{"id":"problemName","uml-id":"_TBaoovasEeaW9u5N6usiTA","uml-type":"ownedAttribute","type":"pathmap://UML_LIBRARIES/UMLPrimitiveTypes.library.uml#String","order-number":1,"is-read-only":true,
"description":["Name of the alarm according capability::supportedAlarms."]},
"NetworkElementCurrentProblemType":{"id":"NetworkElementCurrentProblemType","uml-id":"_0XQ-UPmyEeaOH6heSczBpQ","uml-type":"uml:DataType",},
"problemName":{"id":"problemName","uml-id":"_0XQ-UvmyEeaOH6heSczBpQ","uml-type":"ownedAttribute","type":"pathmap://UML_LIBRARIES/UMLPrimitiveTypes.library.uml#String","order-number":1,"is-read-only":true,
"description":["Name of the alarm according capability::supportedAlarms."]},
"objectReference":{"id":"objectReference","uml-id":"_BW8g0PmzEeaOH6heSczBpQ","uml-type":"ownedAttribute","type":"pathmap://UML_LIBRARIES/UMLPrimitiveTypes.library.uml#String","order-number":2,"is-read-only":true,
"description":["An explaining string of the related object class. This is necesseary, because the current problem list of the NetworkElement object class acts as a container for all alarms, where its object classes are not modeled."]},
"ProblemSeverityType":{"id":"ProblemSeverityType","uml-id":"_rvDAAPasEeaW9u5N6usiTA","uml-type":"uml:DataType",},
"problemTypeName":{"id":"problemTypeName","uml-id":"_rvDAAfasEeaW9u5N6usiTA","uml-type":"ownedAttribute","type":"pathmap://UML_LIBRARIES/UMLPrimitiveTypes.library.uml#String","order-number":1,"is-read-only":false,
"description":["Name of the alarm according to AirInterface::AirInterfaceCapability::supportedAlarms"]},
"problemTypeSeverity":{"id":"problemTypeSeverity","uml-id":"_rvDABPasEeaW9u5N6usiTA","uml-type":"ownedAttribute","type":"../OnfModel-MicrowaveTransportNetwork/MicrowaveModel.uml#_eIml0JH1EeWUdbnmmNiTAA","order-number":2,"is-read-only":false,
"description":["Severity of this type of alarm."]},
"_7HZcEPm3EeaOH6heSczBpQ":{"id":"ProcessingType","uml-id":"_7HZcEPm3EeaOH6heSczBpQ","enum":["DONE","PROCESSING",],"is-read-only":false,},
}}