{"schema-information":{"ETY_TrailTerminationPointSource_Pac":{"id":"ETY_TrailTerminationPointSource_Pac","uml-id":"_n_GLoAJhEeeHrfExGasYUQ","uml-type":"uml:Class","is-read-only":false,},
"_layerProtocol":{"id":"_layerProtocol","uml-id":"_s4LlAgJiEeeHrfExGasYUQ","uml-type":"ownedAttribute","type":"../OnfModel/CoreModel.uml#_gROecFYXEeOVGaP4lO41SQ","order-number":1,"is-read-only":false,},
"_etyTtpSource":{"id":"_etyTtpSource","uml-id":"_-AYUsgJlEeeHrfExGasYUQ","uml-type":"ownedAttribute","type":"../G.8052_v1.10.01/G.8052_v1.10.01-model.uml#_y-K5QHzTEd2S7rQMqMRYLA","order-number":2,"is-read-only":false,},
"ETY_TrailTerminationPointSink_Pac":{"id":"ETY_TrailTerminationPointSink_Pac","uml-id":"_smRLEAJhEeeHrfExGasYUQ","uml-type":"uml:Class","is-read-only":false,},
"_layerProtocol":{"id":"_layerProtocol","uml-id":"_ujgeYQJiEeeHrfExGasYUQ","uml-type":"ownedAttribute","type":"../OnfModel/CoreModel.uml#_gROecFYXEeOVGaP4lO41SQ","order-number":1,"is-read-only":false,},
"_etyTtpSink":{"id":"_etyTtpSink","uml-id":"_fLgAUAJnEeeHrfExGasYUQ","uml-type":"ownedAttribute","type":"../G.8052_v1.10.01/G.8052_v1.10.01-model.uml#_eo4lsHzUEd2S7rQMqMRYLA","order-number":2,"is-read-only":false,},
"ETH_ConnectionTerminationPointSource_Pac":{"id":"ETH_ConnectionTerminationPointSource_Pac","uml-id":"_5XQxUAJhEeeHrfExGasYUQ","uml-type":"uml:Class","is-read-only":false,},
"_layerProtocol":{"id":"_layerProtocol","uml-id":"_mdARUAJiEeeHrfExGasYUQ","uml-type":"ownedAttribute","type":"../OnfModel/CoreModel.uml#_gROecFYXEeOVGaP4lO41SQ","order-number":1,"is-read-only":false,},
"_ethCtpSource":{"id":"_ethCtpSource","uml-id":"_RbW0wQJoEeeHrfExGasYUQ","uml-type":"ownedAttribute","type":"../G.8052_v1.10.01/G.8052_v1.10.01-model.uml#_hTWOsHtREd2PiqoIrXuTbA","order-number":2,"is-read-only":false,},
"ETH_ConnectionTerminationPointSink_Pac":{"id":"ETH_ConnectionTerminationPointSink_Pac","uml-id":"_O23GcAJiEeeHrfExGasYUQ","uml-type":"uml:Class","is-read-only":false,},
"_layerProtocol":{"id":"_layerProtocol","uml-id":"_rN8QwQJiEeeHrfExGasYUQ","uml-type":"ownedAttribute","type":"../OnfModel/CoreModel.uml#_gROecFYXEeOVGaP4lO41SQ","order-number":1,"is-read-only":false,},
"_ethCtpSink":{"id":"_ethCtpSink","uml-id":"_jIKNsgJoEeeHrfExGasYUQ","uml-type":"ownedAttribute","type":"../G.8052_v1.10.01/G.8052_v1.10.01-model.uml#_7tJM8HtREd2PiqoIrXuTbA","order-number":2,"is-read-only":false,},
}}