<?xml version="1.0" encoding="UTF-8"?>
<keys name="requiredKeys">
	<key id="_ajjzcI2uEeO38ZmbECnvbg" base_StructuralFeature="_ajjMYI2uEeO38ZmbECnvbg" value="1"/>
	<key id="_IEiZwY22EeO38ZmbECnvbg" base_StructuralFeature="_IEiZwI22EeO38ZmbECnvbg" value="1"/>
	<key id="_77PyQY3tEeO38ZmbECnvbg" base_StructuralFeature="_77PyQI3tEeO38ZmbECnvbg" value="1"/>
	<key id="_sd_qUeLDEeWM2vUDE3Xqhw" base_StructuralFeature="_M8IDyMeIEeSfd5vyUJsimg" value="1"/>
	<key id="_sd_qU-LDEeWM2vUDE3Xqhw" base_StructuralFeature="_M8IDsMeIEeSfd5vyUJsimg" value="1"/>
	<key id="_seARYeLDEeWM2vUDE3Xqhw" base_StructuralFeature="_M8IDtceIEeSfd5vyUJsimg" value="1"/>
	<key id="_seA4cOLDEeWM2vUDE3Xqhw" base_StructuralFeature="_M8ID0ceIEeSfd5vyUJsimg" value="1"/>
	<key id="_seBfgOLDEeWM2vUDE3Xqhw" base_StructuralFeature="_M8IDzMeIEeSfd5vyUJsimg" value="1"/>
	<key id="_dCXkoOLVEeWM2vUDE3Xqhw" base_StructuralFeature="_dCWWgOLVEeWM2vUDE3Xqhw" value="1"/>

    <!-- CoreModel 1.2 -->
    <key id="_IEiZwY22EeO38ZmbECnvbg" base_StructuralFeature="_IEiZwI22EeO38ZmbECnvbg" value="1"/>
    <key id="_4Mj0QE8hEeaGxdXEiNf4tA" base_StructuralFeature="_oxb_EJo-EeOyHKqw-cQ_eg" value="1"/>
    <key id="_W77CoMDaEeWbqPZwR-Ot6A" base_StructuralFeature="_W76bkMDaEeWbqPZwR-Ot6A" value="1"/>
    <key id="_LqOKEnpUEeaVjtpstJMDXA" base_StructuralFeature="_KeLlAMDZEeWbqPZwR-Ot6A" value="1"/>
    <key id="_9bxOcT3mEeaRI-H69PghuA" base_StructuralFeature="_7jGIgD3ZEeaRI-H69PghuA" value="1"/>

    <!-- the next does not make sense ;(, but ... --> 
    <key id="_1-S4cHq8EeaVjtpstJMDXA" base_StructuralFeature="_pzNRQD3XEeaRI-H69PghuA" value="1"/>

    <key id="_k50q0Hq8EeaVjtpstJMDXA" base_StructuralFeature="_7AazIj0yEeaRI-H69PghuA" value="1"/>
    <key id="_d5QVoHq9EeaVjtpstJMDXA" base_StructuralFeature="_GWLtID0VEeaRI-H69PghuA" value="1"/>
    <key id="_ABW40Hq9EeaVjtpstJMDXA" base_StructuralFeature="_93jegD0VEeaRI-H69PghuA" value="1"/>
    <key id="_H8i1gFLjEeaDuo8VlVeg_g" base_StructuralFeature="_vqpKA0gwEeasL6dcjI1vEA" value="1"/>
    <key id="_4cGGMFJwEeaDuo8VlVeg_g" base_StructuralFeature="_sTeXw0ddEeasL6dcjI1vEA" value="1"/>
    <key id="_Q33LcFN3EeaDuo8VlVeg_g" base_StructuralFeature="_ZPe2c0guEeasL6dcjI1vEA" value="1"/>
    <key id="_Q3vPo1N3EeaDuo8VlVeg_g" base_StructuralFeature="_U_6mYERXEeasL6dcjI1vEA" value="1"/>
    <key id="_G3QocVLjEeaDuo8VlVeg_g" base_StructuralFeature="_1FVmEEdJEeasL6dcjI1vEA" value="1"/>
    <key id="_CvzXIFMgEeaDuo8VlVeg_g" base_StructuralFeature="_dmI4QkdrEeasL6dcjI1vEA" value="1"/>
    <key id="_BFa48FMgEeaDuo8VlVeg_g" base_StructuralFeature="_IvRk0kdwEeasL6dcjI1vEA" value="1"/>
    <key id="_1YFgsGydEeaBUOurxzA2sw" base_StructuralFeature="_Ub4wkBiVEeSh8KVgZCMyDw" value="1"/>
    <key id="_6dhwgGydEeaBUOurxzA2sw" base_StructuralFeature="_tYhNQBiVEeSh8KVgZCMyDw" value="1"/>

</keys>
