{
	"_actualEquipment" : "actual-equipment",
	"actual-equipment" : "_actualEquipment",
	"_actualHolder" : "actual-holder",
	"actual-holder" : "_actualHolder",
	"_afterOperationSet" : "after-operation-set",
	"after-operation-set" : "_afterOperationSet",
	"_aggregateFunction" : "aggregate-function",
	"aggregate-function" : "_aggregateFunction",
	"_airInterfaceCapability" : "air-interface-capability",
	"air-interface-capability" : "_airInterfaceCapability",
	"_airInterfaceConfiguration" : "air-interface-configuration",
	"air-interface-configuration" : "_airInterfaceConfiguration",
	"_airInterfaceCurrentPerformance" : "air-interface-current-performance",
	"air-interface-current-performance" : "_airInterfaceCurrentPerformance",
	"_airInterfaceCurrentProblems" : "air-interface-current-problems",
	"air-interface-current-problems" : "_airInterfaceCurrentProblems",
	"_airInterfaceDiversityCapability" : "air-interface-diversity-capability",
	"air-interface-diversity-capability" : "_airInterfaceDiversityCapability",
	"_airInterfaceDiversityConfiguration" : "air-interface-diversity-configuration",
	"air-interface-diversity-configuration" : "_airInterfaceDiversityConfiguration",
	"_airInterfaceDiversityCurrentPerformance" : "air-interface-diversity-current-performance",
	"air-interface-diversity-current-performance" : "_airInterfaceDiversityCurrentPerformance",
	"_airInterfaceDiversityCurrentProblems" : "air-interface-diversity-current-problems",
	"air-interface-diversity-current-problems" : "_airInterfaceDiversityCurrentProblems",
	"_airInterfaceDiversityHistoricalPerformances" : "air-interface-diversity-historical-performances",
	"air-interface-diversity-historical-performances" : "_airInterfaceDiversityHistoricalPerformances",
	"_airInterfaceDiversityStatus" : "air-interface-diversity-status",
	"air-interface-diversity-status" : "_airInterfaceDiversityStatus",
	"_airInterfaceHistoricalPerformances" : "air-interface-historical-performances",
	"air-interface-historical-performances" : "_airInterfaceHistoricalPerformances",
	"_airInterfaceList" : "air-interface-list",
	"air-interface-list" : "_airInterfaceList",
	"_airInterfaceLtpList" : "air-interface-ltp-list",
	"air-interface-ltp-list" : "_airInterfaceLtpList",
	"_airInterfaceStatus" : "air-interface-status",
	"air-interface-status" : "_airInterfaceStatus",
	"_beforeOperationSet" : "before-operation-set",
	"before-operation-set" : "_beforeOperationSet",
	"_category" : "category",
	"category" : "_category",
	"_clientLtp" : "client-ltp",
	"client-ltp" : "_clientLtp",
	"_configAndSwitchController" : "config-and-switch-controller",
	"config-and-switch-controller" : "_configAndSwitchController",
	"_connectedLtp" : "connected-ltp",
	"connected-ltp" : "_connectedLtp",
	"_connector" : "connector",
	"connector" : "_connector",
	"_containedHolder" : "contained-holder",
	"contained-holder" : "_containedHolder",
	"_controlParameters" : "control-parameters",
	"control-parameters" : "_controlParameters",
	"_elementalSignals" : "elemental-signals",
	"elemental-signals" : "_elementalSignals",
	"_endpoint" : "endpoint",
	"endpoint" : "_endpoint",
	"_equipmentInstance" : "equipment-instance",
	"equipment-instance" : "_equipmentInstance",
	"_equipmentType" : "equipment-type",
	"equipment-type" : "_equipmentType",
	"_ethernetContainerCapability" : "ethernet-container-capability",
	"ethernet-container-capability" : "_ethernetContainerCapability",
	"_ethernetContainerConfiguration" : "ethernet-container-configuration",
	"ethernet-container-configuration" : "_ethernetContainerConfiguration",
	"_ethernetContainerCurrentPerformance" : "ethernet-container-current-performance",
	"ethernet-container-current-performance" : "_ethernetContainerCurrentPerformance",
	"_ethernetContainerCurrentProblems" : "ethernet-container-current-problems",
	"ethernet-container-current-problems" : "_ethernetContainerCurrentProblems",
	"_ethernetContainerHistoricalPerformances" : "ethernet-container-historical-performances",
	"ethernet-container-historical-performances" : "_ethernetContainerHistoricalPerformances",
	"_ethernetContainerStatus" : "ethernet-container-status",
	"ethernet-container-status" : "_ethernetContainerStatus",
	"_expectedEquipment" : "expected-equipment",
	"expected-equipment" : "_expectedEquipment",
	"_expectedHolder" : "expected-holder",
	"expected-holder" : "_expectedHolder",
	"_exposedCable" : "exposed-cable",
	"exposed-cable" : "_exposedCable",
	"_fc" : "fc",
	"fc" : "_fc",
	"_fcPort" : "fc-port",
	"fc-port" : "_fcPort",
	"_fcRoute" : "fc-route",
	"fc-route" : "_fcRoute",
	"_fcRouteFeedsFcPortEgress" : "fc-route-feeds-fc-port-egress",
	"fc-route-feeds-fc-port-egress" : "_fcRouteFeedsFcPortEgress",
	"_fcSwitch" : "fc-switch",
	"fc-switch" : "_fcSwitch",
	"_fcswitch" : "fcswitch",
	"fcswitch" : "_fcswitch",
	"_fd" : "fd",
	"fd" : "_fd",
	"_functionBlock" : "function-block",
	"function-block" : "_functionBlock",
	"_functionEnablers" : "function-enablers",
	"function-enablers" : "_functionEnablers",
	"_global_Pac" : "global-pac",
	"global-pac" : "_global_Pac",
	"_holderMonitors" : "holder-monitors",
	"holder-monitors" : "_holderMonitors",
	"_holderStructure" : "holder-structure",
	"holder-structure" : "_holderStructure",
	"_hybridMwStructureCapability" : "hybrid-mw-structure-capability",
	"hybrid-mw-structure-capability" : "_hybridMwStructureCapability",
	"_hybridMwStructureConfiguration" : "hybrid-mw-structure-configuration",
	"hybrid-mw-structure-configuration" : "_hybridMwStructureConfiguration",
	"_hybridMwStructureCurrentPerformance" : "hybrid-mw-structure-current-performance",
	"hybrid-mw-structure-current-performance" : "_hybridMwStructureCurrentPerformance",
	"_hybridMwStructureCurrentProblems" : "hybrid-mw-structure-current-problems",
	"hybrid-mw-structure-current-problems" : "_hybridMwStructureCurrentProblems",
	"_hybridMwStructureHistoricalPerformances" : "hybrid-mw-structure-historical-performances",
	"hybrid-mw-structure-historical-performances" : "_hybridMwStructureHistoricalPerformances",
	"_hybridMwStructureStatus" : "hybrid-mw-structure-status",
	"hybrid-mw-structure-status" : "_hybridMwStructureStatus",
	"_internalConfigurationAndSwitchControl" : "internal-configuration-and-switch-control",
	"internal-configuration-and-switch-control" : "_internalConfigurationAndSwitchControl",
	"_layerProtocol" : "layer-protocol",
	"layer-protocol" : "_layerProtocol",
	"_local_Pac" : "local-pac",
	"local-pac" : "_local_Pac",
	"_location" : "location",
	"location" : "_location",
	"_logicalTerminationPoint" : "logical-termination-point",
	"logical-termination-point" : "_logicalTerminationPoint",
	"_lowerLevelFc" : "lower-level-fc",
	"lower-level-fc" : "_lowerLevelFc",
	"_lowerLevelFd" : "lower-level-fd",
	"lower-level-fd" : "_lowerLevelFd",
	"_lowerLevelLink" : "lower-level-link",
	"lower-level-link" : "_lowerLevelLink",
	"_lp" : "lp",
	"lp" : "_lp",
	"_ltp" : "ltp",
	"ltp" : "_ltp",
	"_ltpInOtherView" : "ltp-in-other-view",
	"ltp-in-other-view" : "_ltpInOtherView",
	"_manufacturedThing" : "manufactured-thing",
	"manufactured-thing" : "_manufacturedThing",
	"_manufacturerProperties" : "manufacturer-properties",
	"manufacturer-properties" : "_manufacturerProperties",
	"_mechanicalFeatures" : "mechanical-features",
	"mechanical-features" : "_mechanicalFeatures",
	"_mechanicallFunctions" : "mechanicall-functions",
	"mechanicall-functions" : "_mechanicallFunctions",
	"_necessaryInitialconditionConstraints" : "necessary-initialcondition-constraints",
	"necessary-initialcondition-constraints" : "_necessaryInitialconditionConstraints",
	"_networkSchemeSpecification" : "network-scheme-specification",
	"network-scheme-specification" : "_networkSchemeSpecification",
	"_occupyingFru" : "occupying-fru",
	"occupying-fru" : "_occupyingFru",
	"_operationDetails" : "operation-details",
	"operation-details" : "_operationDetails",
	"_operationSet" : "operation-set",
	"operation-set" : "_operationSet",
	"_operatorAugmentedEquipmentType" : "operator-augmented-equipment-type",
	"operator-augmented-equipment-type" : "_operatorAugmentedEquipmentType",
	"_peerLtp" : "peer-ltp",
	"peer-ltp" : "_peerLtp",
	"_physicalCharacteristics" : "physical-characteristics",
	"physical-characteristics" : "_physicalCharacteristics",
	"_physicalProperties" : "physical-properties",
	"physical-properties" : "_physicalProperties",
	"_physicalRating" : "physical-rating",
	"physical-rating" : "_physicalRating",
	"_pin" : "pin",
	"pin" : "_pin",
	"_pinGroup" : "pin-group",
	"pin-group" : "_pinGroup",
	"_pinLayout" : "pin-layout",
	"pin-layout" : "_pinLayout",
	"_position" : "position",
	"position" : "_position",
	"_profileProxy" : "profile-proxy",
	"profile-proxy" : "_profileProxy",
	"_pureEthernetStructureCapability" : "pure-ethernet-structure-capability",
	"pure-ethernet-structure-capability" : "_pureEthernetStructureCapability",
	"_pureEthernetStructureConfiguration" : "pure-ethernet-structure-configuration",
	"pure-ethernet-structure-configuration" : "_pureEthernetStructureConfiguration",
	"_pureEthernetStructureCurrentPerformance" : "pure-ethernet-structure-current-performance",
	"pure-ethernet-structure-current-performance" : "_pureEthernetStructureCurrentPerformance",
	"_pureEthernetStructureCurrentProblems" : "pure-ethernet-structure-current-problems",
	"pure-ethernet-structure-current-problems" : "_pureEthernetStructureCurrentProblems",
	"_pureEthernetStructureHistoricalPerformances" : "pure-ethernet-structure-historical-performances",
	"pure-ethernet-structure-historical-performances" : "_pureEthernetStructureHistoricalPerformances",
	"_pureEthernetStructureStatus" : "pure-ethernet-structure-status",
	"pure-ethernet-structure-status" : "_pureEthernetStructureStatus",
	"_selectedFcPort" : "selected-fc-port",
	"selected-fc-port" : "_selectedFcPort",
	"_serverLtp" : "server-ltp",
	"server-ltp" : "_serverLtp",
	"_signalRefPt" : "signal-ref-pt",
	"signal-ref-pt" : "_signalRefPt",
	"_spatialPropertiesOfType" : "spatial-properties-of-type",
	"spatial-properties-of-type" : "_spatialPropertiesOfType",
	"_subordinateController" : "subordinate-controller",
	"subordinate-controller" : "_subordinateController",
	"_supportedEquipment" : "supported-equipment",
	"supported-equipment" : "_supportedEquipment",
	"_supportedLink" : "supported-link",
	"supported-link" : "_supportedLink",
	"_swapability" : "swapability",
	"swapability" : "_swapability",
	"_tdmContainerCapability" : "tdm-container-capability",
	"tdm-container-capability" : "_tdmContainerCapability",
	"_tdmContainerConfiguration" : "tdm-container-configuration",
	"tdm-container-configuration" : "_tdmContainerConfiguration",
	"_tdmContainerCurrentPerformance" : "tdm-container-current-performance",
	"tdm-container-current-performance" : "_tdmContainerCurrentPerformance",
	"_tdmContainerCurrentProblems" : "tdm-container-current-problems",
	"tdm-container-current-problems" : "_tdmContainerCurrentProblems",
	"_tdmContainerHistoricalPerformances" : "tdm-container-historical-performances",
	"tdm-container-historical-performances" : "_tdmContainerHistoricalPerformances",
	"_tdmContainerStatus" : "tdm-container-status",
	"tdm-container-status" : "_tdmContainerStatus",
	"10_40_G" : "10-40-g",
	"10-40-g" : "10_40_G",
	"10_G" : "10-g",
	"10-g" : "10_G",
	"100_G" : "100-g",
	"100-g" : "100_G",
	"2.5_10_40_G" : "2.5-10-40-g",
	"2.5-10-40-g" : "2.5_10_40_G",
	"2.5_10_G" : "2.5-10-g",
	"2.5-10-g" : "2.5_10_G",
	"2.5_G" : "2.5-g",
	"2.5-g" : "2.5_G",
	"40_G" : "40-g",
	"40-g" : "40_G",
	"ActionEffort" : "action-effort",
	"action-effort" : "ActionEffort",
	"actionVerb" : "action-verb",
	"action-verb" : "actionVerb",
	"ActionVerbs" : "action-verbs",
	"action-verbs" : "ActionVerbs",
	"ActivityDirective" : "activity-directive",
	"activity-directive" : "ActivityDirective",
	"ActualEquipment" : "actual-equipment",
	"actual-equipment" : "ActualEquipment",
	"ActualHolder" : "actual-holder",
	"actual-holder" : "ActualHolder",
	"adaptiveModulationIsAvail" : "adaptive-modulation-is-avail",
	"adaptive-modulation-is-avail" : "adaptiveModulationIsAvail",
	"adaptiveModulationIsOn" : "adaptive-modulation-is-on",
	"adaptive-modulation-is-on" : "adaptiveModulationIsOn",
	"Address" : "address",
	"address" : "Address",
	"addressElement" : "address-element",
	"address-element" : "addressElement",
	"addressElementName" : "address-element-name",
	"address-element-name" : "addressElementName",
	"addressName" : "address-name",
	"address-name" : "addressName",
	"adminisatratveState" : "adminisatratve-state",
	"adminisatratve-state" : "adminisatratveState",
	"administrativeControl" : "administrative-control",
	"administrative-control" : "administrativeControl",
	"AdministrativeState" : "administrative-state",
	"administrative-state" : "AdministrativeState",
	"AirInterface" : "air-interface",
	"air-interface" : "AirInterface",
	"AirInterfaceCapability" : "air-interface-capability",
	"air-interface-capability" : "AirInterfaceCapability",
	"AirInterfaceConfiguration" : "air-interface-configuration",
	"air-interface-configuration" : "AirInterfaceConfiguration",
	"AirInterfaceCurrentPerformance" : "air-interface-current-performance",
	"air-interface-current-performance" : "AirInterfaceCurrentPerformance",
	"AirInterfaceCurrentPerformanceType" : "air-interface-current-performance-type",
	"air-interface-current-performance-type" : "AirInterfaceCurrentPerformanceType",
	"AirInterfaceCurrentProblems" : "air-interface-current-problems",
	"air-interface-current-problems" : "AirInterfaceCurrentProblems",
	"AirInterfaceCurrentProblemType" : "air-interface-current-problem-type",
	"air-interface-current-problem-type" : "AirInterfaceCurrentProblemType",
	"airInterfaceDiversity" : "air-interface-diversity",
	"air-interface-diversity" : "airInterfaceDiversity",
	"AirInterfaceDiversityCapability" : "air-interface-diversity-capability",
	"air-interface-diversity-capability" : "AirInterfaceDiversityCapability",
	"AirInterfaceDiversityConfiguration" : "air-interface-diversity-configuration",
	"air-interface-diversity-configuration" : "AirInterfaceDiversityConfiguration",
	"AirInterfaceDiversityCurrentPerformance" : "air-interface-diversity-current-performance",
	"air-interface-diversity-current-performance" : "AirInterfaceDiversityCurrentPerformance",
	"AirInterfaceDiversityCurrentPerformanceType" : "air-interface-diversity-current-performance-type",
	"air-interface-diversity-current-performance-type" : "AirInterfaceDiversityCurrentPerformanceType",
	"AirInterfaceDiversityCurrentProblems" : "air-interface-diversity-current-problems",
	"air-interface-diversity-current-problems" : "AirInterfaceDiversityCurrentProblems",
	"AirInterfaceDiversityCurrentProblemType" : "air-interface-diversity-current-problem-type",
	"air-interface-diversity-current-problem-type" : "AirInterfaceDiversityCurrentProblemType",
	"AirInterfaceDiversityHistoricalPerformances" : "air-interface-diversity-historical-performances",
	"air-interface-diversity-historical-performances" : "AirInterfaceDiversityHistoricalPerformances",
	"AirInterfaceDiversityHistoricalPerformanceType" : "air-interface-diversity-historical-performance-type",
	"air-interface-diversity-historical-performance-type" : "AirInterfaceDiversityHistoricalPerformanceType",
	"AirInterfaceDiversityPerformanceType" : "air-interface-diversity-performance-type",
	"air-interface-diversity-performance-type" : "AirInterfaceDiversityPerformanceType",
	"AirInterfaceDiversityProblemSeverityType" : "air-interface-diversity-problem-severity-type",
	"air-interface-diversity-problem-severity-type" : "AirInterfaceDiversityProblemSeverityType",
	"airInterfaceDiversityStatus" : "air-interface-diversity-status",
	"air-interface-diversity-status" : "airInterfaceDiversityStatus",
	"AirInterfaceDiversityStatusType" : "air-interface-diversity-status-type",
	"air-interface-diversity-status-type" : "AirInterfaceDiversityStatusType",
	"AirInterfaceHistoricalPerformances" : "air-interface-historical-performances",
	"air-interface-historical-performances" : "AirInterfaceHistoricalPerformances",
	"AirInterfaceHistoricalPerformanceType" : "air-interface-historical-performance-type",
	"air-interface-historical-performance-type" : "AirInterfaceHistoricalPerformanceType",
	"AirInterfaceHsb" : "air-interface-hsb",
	"air-interface-hsb" : "AirInterfaceHsb",
	"airInterfaceHsbConfigurationIsFaultySeverity" : "air-interface-hsb-configuration-is-faulty-severity",
	"air-interface-hsb-configuration-is-faulty-severity" : "airInterfaceHsbConfigurationIsFaultySeverity",
	"airInterfaceHsbIsDownSeverity" : "air-interface-hsb-is-down-severity",
	"air-interface-hsb-is-down-severity" : "airInterfaceHsbIsDownSeverity",
	"airInterfaceHsbIsPartlyDownSeverity" : "air-interface-hsb-is-partly-down-severity",
	"air-interface-hsb-is-partly-down-severity" : "airInterfaceHsbIsPartlyDownSeverity",
	"airInterfaceName" : "air-interface-name",
	"air-interface-name" : "airInterfaceName",
	"AirInterfacePerformanceType" : "air-interface-performance-type",
	"air-interface-performance-type" : "AirInterfacePerformanceType",
	"AirInterfaceProblemSeverityType" : "air-interface-problem-severity-type",
	"air-interface-problem-severity-type" : "AirInterfaceProblemSeverityType",
	"AirInterfaceStatus" : "air-interface-status",
	"air-interface-status" : "AirInterfaceStatus",
	"AIS" : "ais",
	"ais" : "AIS",
	"alicIsAvail" : "alic-is-avail",
	"alic-is-avail" : "alicIsAvail",
	"alicIsOn" : "alic-is-on",
	"alic-is-on" : "alicIsOn",
	"alicIsUp" : "alic-is-up",
	"alic-is-up" : "alicIsUp",
	"ALL_AI_ACTIVE" : "all-ai-active",
	"all-ai-active" : "ALL_AI_ACTIVE",
	"amDownshiftLevel" : "am-downshift-level",
	"am-downshift-level" : "amDownshiftLevel",
	"amUpshiftLevel" : "am-upshift-level",
	"am-upshift-level" : "amUpshiftLevel",
	"ApplicationIdentifierType" : "application-identifier-type",
	"application-identifier-type" : "ApplicationIdentifierType",
	"AprStatus" : "apr-status",
	"apr-status" : "AprStatus",
	"ApsChannel" : "aps-channel",
	"aps-channel" : "ApsChannel",
	"arbitraryElement" : "arbitrary-element",
	"arbitrary-element" : "arbitraryElement",
	"assetInstanceIdentifier" : "asset-instance-identifier",
	"asset-instance-identifier" : "assetInstanceIdentifier",
	"assetTypeIdentifier" : "asset-type-identifier",
	"asset-type-identifier" : "assetTypeIdentifier",
	"Associations" : "associations",
	"associations" : "Associations",
	"atpcIsAvail" : "atpc-is-avail",
	"atpc-is-avail" : "atpcIsAvail",
	"atpcIsOn" : "atpc-is-on",
	"atpc-is-on" : "atpcIsOn",
	"atpcIsUp" : "atpc-is-up",
	"atpc-is-up" : "atpcIsUp",
	"atpcRange" : "atpc-range",
	"atpc-range" : "atpcRange",
	"atpcThreshLower" : "atpc-thresh-lower",
	"atpc-thresh-lower" : "atpcThreshLower",
	"atpcThreshUpper" : "atpc-thresh-upper",
	"atpc-thresh-upper" : "atpcThreshUpper",
	"attributeName" : "attribute-name",
	"attribute-name" : "attributeName",
	"AttributeValueChangedNotification" : "attribute-value-changed-notification",
	"attribute-value-changed-notification" : "AttributeValueChangedNotification",
	"autoFreqSelectIsAvail" : "auto-freq-select-is-avail",
	"auto-freq-select-is-avail" : "autoFreqSelectIsAvail",
	"autoFreqSelectIsOn" : "auto-freq-select-is-on",
	"auto-freq-select-is-on" : "autoFreqSelectIsOn",
	"autoFreqSelectIsUp" : "auto-freq-select-is-up",
	"auto-freq-select-is-up" : "autoFreqSelectIsUp",
	"autoFreqSelectRange" : "auto-freq-select-range",
	"auto-freq-select-range" : "autoFreqSelectRange",
	"availableKindsOfDiversity" : "available-kinds-of-diversity",
	"available-kinds-of-diversity" : "availableKindsOfDiversity",
	"BDI" : "bdi",
	"bdi" : "BDI",
	"BDI_O" : "bdi-o",
	"bdi-o" : "BDI_O",
	"BDI_P" : "bdi-p",
	"bdi-p" : "BDI_P",
	"BEST_EFFORT" : "best-effort",
	"best-effort" : "BEST_EFFORT",
	"BIDIRECTIONAL" : "bidirectional",
	"bidirectional" : "BIDIRECTIONAL",
	"BitString" : "bit-string",
	"bit-string" : "BitString",
	"BOTH" : "both",
	"both" : "BOTH",
	"bundlingIsAvail" : "bundling-is-avail",
	"bundling-is-avail" : "bundlingIsAvail",
	"Cable" : "cable",
	"cable" : "Cable",
	"Category" : "category",
	"category" : "Category",
	"channelBandwidth" : "channel-bandwidth",
	"channel-bandwidth" : "channelBandwidth",
	"ChannelPlanType" : "channel-plan-type",
	"channel-plan-type" : "ChannelPlanType",
	"CIRCUIT_PACK" : "circuit-pack",
	"circuit-pack" : "CIRCUIT_PACK",
	"classOfInstance" : "class-of-instance",
	"class-of-instance" : "classOfInstance",
	"CoChannelGroup" : "co-channel-group",
	"co-channel-group" : "CoChannelGroup",
	"coChannelGroupId" : "co-channel-group-id",
	"co-channel-group-id" : "coChannelGroupId",
	"codeRate" : "code-rate",
	"code-rate" : "codeRate",
	"codeRateCur" : "code-rate-cur",
	"code-rate-cur" : "codeRateCur",
	"ConditionalPackage" : "conditional-package",
	"conditional-package" : "ConditionalPackage",
	"conectorInHolder" : "conector-in-holder",
	"conector-in-holder" : "conectorInHolder",
	"ConfigurationAndSwitchController" : "configuration-and-switch-controller",
	"configuration-and-switch-controller" : "ConfigurationAndSwitchController",
	"configuredClientCapacity" : "configured-client-capacity",
	"configured-client-capacity" : "configuredClientCapacity",
	"Connector" : "connector",
	"connector" : "Connector",
	"ConnectorAndPin" : "connector-and-pin",
	"connector-and-pin" : "ConnectorAndPin",
	"ConnectorAndPinOrientation" : "connector-and-pin-orientation",
	"connector-and-pin-orientation" : "ConnectorAndPinOrientation",
	"connectorCableEnd" : "connector-cable-end",
	"connector-cable-end" : "connectorCableEnd",
	"connectorOnEquipmentForCable" : "connector-on-equipment-for-cable",
	"connector-on-equipment-for-cable" : "connectorOnEquipmentForCable",
	"connectorOnEquipmentForHolder" : "connector-on-equipment-for-holder",
	"connector-on-equipment-for-holder" : "connectorOnEquipmentForHolder",
	"ConnectorRules" : "connector-rules",
	"connector-rules" : "ConnectorRules",
	"connectorType" : "connector-type",
	"connector-type" : "connectorType",
	"ContainerCurrentPerformanceType" : "container-current-performance-type",
	"container-current-performance-type" : "ContainerCurrentPerformanceType",
	"ContainerCurrentProblemType" : "container-current-problem-type",
	"container-current-problem-type" : "ContainerCurrentProblemType",
	"ContainerHistoricalPerformanceType" : "container-historical-performance-type",
	"container-historical-performance-type" : "ContainerHistoricalPerformanceType",
	"containerID" : "container-id",
	"container-id" : "containerID",
	"containerName" : "container-name",
	"container-name" : "containerName",
	"ContainerPerformanceType" : "container-performance-type",
	"container-performance-type" : "ContainerPerformanceType",
	"ContainerProblemSeverityType" : "container-problem-severity-type",
	"container-problem-severity-type" : "ContainerProblemSeverityType",
	"ContainerType" : "container-type",
	"container-type" : "ContainerType",
	"CONTRA_DIRECTION_SINK" : "contra-direction-sink",
	"contra-direction-sink" : "CONTRA_DIRECTION_SINK",
	"CONTRA_DIRECTION_SOURCE" : "contra-direction-source",
	"contra-direction-source" : "CONTRA_DIRECTION_SOURCE",
	"CONTROLLER" : "controller",
	"controller" : "CONTROLLER",
	"ControlParameters_Pac" : "control-parameters-pac",
	"control-parameters-pac" : "ControlParameters_Pac",
	"CoreFoundationModel" : "core-foundation-model",
	"core-foundation-model" : "CoreFoundationModel",
	"CoreModel" : "core-model",
	"core-model" : "CoreModel",
	"CoreModel:AdministrativeState" : "core-model:administrative-state",
	"core-model:administrative-state" : "CoreModel:AdministrativeState",
	"CoreModel:ConectorInHolderCoreModel:name,uuid" : "core-model:conector-in-holdercore-model:name,uuid",
	"core-model:conector-in-holdercore-model:name,uuid" : "CoreModel:ConectorInHolderCoreModel:name,uuid",
	"CoreModel:ConnectorCableEndCoreModel:name,uuid" : "core-model:connector-cable-endcore-model:name,uuid",
	"core-model:connector-cable-endcore-model:name,uuid" : "CoreModel:ConnectorCableEndCoreModel:name,uuid",
	"CoreModel:ConnectorOnEquipmentForCableCoreModel:name,uuid" : "core-model:connector-on-equipment-for-cablecore-model:name,uuid",
	"core-model:connector-on-equipment-for-cablecore-model:name,uuid" : "CoreModel:ConnectorOnEquipmentForCableCoreModel:name,uuid",
	"CoreModel:ConnectorOnEquipmentForHolderCoreModel:name,uuid" : "core-model:connector-on-equipment-for-holdercore-model:name,uuid",
	"core-model:connector-on-equipment-for-holdercore-model:name,uuid" : "CoreModel:ConnectorOnEquipmentForHolderCoreModel:name,uuid",
	"CoreModel:DateAndTime" : "core-model:date-and-time",
	"core-model:date-and-time" : "CoreModel:DateAndTime",
	"CoreModel:ElementalSignals" : "core-model:elemental-signals",
	"core-model:elemental-signals" : "CoreModel:ElementalSignals",
	"CoreModel:EquipmentCoreModel:_exposedCableCoreModel:_connectorCoreModel:_pinCoreModel:_position" : "core-model:equipmentcore-model:exposed-cablecore-model:connectorcore-model:pincore-model:position",
	"core-model:equipmentcore-model:exposed-cablecore-model:connectorcore-model:pincore-model:position" : "CoreModel:EquipmentCoreModel:_exposedCableCoreModel:_connectorCoreModel:_pinCoreModel:_position",
	"CoreModel:EquipmentCoreModel:_exposedCableCoreModel:_connectorCoreModel:_positionCoreModel:relativePosition" : "core-model:equipmentcore-model:exposed-cablecore-model:connectorcore-model:positioncore-model:relative-position",
	"core-model:equipmentcore-model:exposed-cablecore-model:connectorcore-model:positioncore-model:relative-position" : "CoreModel:EquipmentCoreModel:_exposedCableCoreModel:_connectorCoreModel:_positionCoreModel:relativePosition",
	"CoreModel:EquipmentCoreModel:_exposedCableCoreModel:_connectorCoreModel:name,uuid" : "core-model:equipmentcore-model:exposed-cablecore-model:connectorcore-model:name,uuid",
	"core-model:equipmentcore-model:exposed-cablecore-model:connectorcore-model:name,uuid" : "CoreModel:EquipmentCoreModel:_exposedCableCoreModel:_connectorCoreModel:name,uuid",
	"CoreModel:EquipmentCoreModel:name,uuid" : "core-model:equipmentcore-model:name,uuid",
	"core-model:equipmentcore-model:name,uuid" : "CoreModel:EquipmentCoreModel:name,uuid",
	"CoreModel:ForwardingConstructCoreModel:_fcPortCoreModel:uuid,name" : "core-model:forwarding-constructcore-model:fc-portcore-model:uuid,name",
	"core-model:forwarding-constructcore-model:fc-portcore-model:uuid,name" : "CoreModel:ForwardingConstructCoreModel:_fcPortCoreModel:uuid,name",
	"CoreModel:ForwardingConstructCoreModel:_fcSwitchCoreModel:uuid,name" : "core-model:forwarding-constructcore-model:fc-switchcore-model:uuid,name",
	"core-model:forwarding-constructcore-model:fc-switchcore-model:uuid,name" : "CoreModel:ForwardingConstructCoreModel:_fcSwitchCoreModel:uuid,name",
	"CoreModel:ForwardingConstructCoreModel:uuid,name" : "core-model:forwarding-constructcore-model:uuid,name",
	"core-model:forwarding-constructcore-model:uuid,name" : "CoreModel:ForwardingConstructCoreModel:uuid,name",
	"CoreModel:NetworkElementCoreModel:_fdCoreModel:uuid,name" : "core-model:network-elementcore-model:fdcore-model:uuid,name",
	"core-model:network-elementcore-model:fdcore-model:uuid,name" : "CoreModel:NetworkElementCoreModel:_fdCoreModel:uuid,name",
	"CoreModel:NetworkElementCoreModel:_ltpCoreModel:_lpCoreModel:_configAndSwitchControllerCoreModel:switchRule" : "core-model:network-elementcore-model:ltpcore-model:lpcore-model:config-and-switch-controllercore-model:switch-rule",
	"core-model:network-elementcore-model:ltpcore-model:lpcore-model:config-and-switch-controllercore-model:switch-rule" : "CoreModel:NetworkElementCoreModel:_ltpCoreModel:_lpCoreModel:_configAndSwitchControllerCoreModel:switchRule",
	"CoreModel:NetworkElementCoreModel:_ltpCoreModel:_lpCoreModel:uuid,name" : "core-model:network-elementcore-model:ltpcore-model:lpcore-model:uuid,name",
	"core-model:network-elementcore-model:ltpcore-model:lpcore-model:uuid,name" : "CoreModel:NetworkElementCoreModel:_ltpCoreModel:_lpCoreModel:uuid,name",
	"CoreModel:NetworkElementCoreModel:_ltpCoreModel:uuid,name" : "core-model:network-elementcore-model:ltpcore-model:uuid,name",
	"core-model:network-elementcore-model:ltpcore-model:uuid,name" : "CoreModel:NetworkElementCoreModel:_ltpCoreModel:uuid,name",
	"CoreModel:OperationalState" : "core-model:operational-state",
	"core-model:operational-state" : "CoreModel:OperationalState",
	"CoreModel:OperationEnvelopeCoreModel:_operationSetCoreModel:effortAndAction" : "core-model:operation-envelopecore-model:operation-setcore-model:effort-and-action",
	"core-model:operation-envelopecore-model:operation-setcore-model:effort-and-action" : "CoreModel:OperationEnvelopeCoreModel:_operationSetCoreModel:effortAndAction",
	"CoreModel:PinGroup" : "core-model:pin-group",
	"core-model:pin-group" : "CoreModel:PinGroup",
	"CoreModel:SignalRefPt" : "core-model:signal-ref-pt",
	"core-model:signal-ref-pt" : "CoreModel:SignalRefPt",
	"CoreModel:UniversalId" : "core-model:universal-id",
	"core-model:universal-id" : "CoreModel:UniversalId",
	"CoreNetworkModel" : "core-network-model",
	"core-network-model" : "CoreNetworkModel",
	"CoreOperationsModel" : "core-operations-model",
	"core-operations-model" : "CoreOperationsModel",
	"CorePhysicalModel-Initial" : "core-physical-model-initial",
	"core-physical-model-initial" : "CorePhysicalModel-Initial",
	"CREATE_POST_ADD" : "create-post-add",
	"create-post-add" : "CREATE_POST_ADD",
	"CRITICAL" : "critical",
	"critical" : "CRITICAL",
	"cryptographicKey" : "cryptographic-key",
	"cryptographic-key" : "cryptographicKey",
	"currentPerformanceDataList" : "current-performance-data-list",
	"current-performance-data-list" : "currentPerformanceDataList",
	"currentProblemList" : "current-problem-list",
	"current-problem-list" : "currentProblemList",
	"CWDM" : "cwdm",
	"cwdm" : "CWDM",
	"DAPI" : "dapi",
	"dapi" : "DAPI",
	"DataTypes" : "data-types",
	"data-types" : "DataTypes",
	"DateAndTime" : "date-and-time",
	"date-and-time" : "DateAndTime",
	"DECREASE_BW" : "decrease-bw",
	"decrease-bw" : "DECREASE_BW",
	"defectBlocksSum" : "defect-blocks-sum",
	"defect-blocks-sum" : "defectBlocksSum",
	"DEFINED_BY_VERB" : "defined-by-verb",
	"defined-by-verb" : "DEFINED_BY_VERB",
	"DEG" : "deg",
	"deg" : "DEG",
	"DegThrType" : "deg-thr-type",
	"deg-thr-type" : "DegThrType",
	"DelayMeasurementRole" : "delay-measurement-role",
	"delay-measurement-role" : "DelayMeasurementRole",
	"DELETE_REMOVE" : "delete-remove",
	"delete-remove" : "DELETE_REMOVE",
	"Diagrams" : "diagrams",
	"diagrams" : "Diagrams",
	"Directionality" : "directionality",
	"directionality" : "Directionality",
	"DISABLED" : "disabled",
	"disabled" : "DISABLED",
	"diversityName" : "diversity-name",
	"diversity-name" : "diversityName",
	"DiversityType" : "diversity-type",
	"diversity-type" : "DiversityType",
	"DomainInterface" : "domain-interface",
	"domain-interface" : "DomainInterface",
	"duplexDistance" : "duplex-distance",
	"duplex-distance" : "duplexDistance",
	"duplexDistanceIsVariable" : "duplex-distance-is-variable",
	"duplex-distance-is-variable" : "duplexDistanceIsVariable",
	"DWDM" : "dwdm",
	"dwdm" : "DWDM",
	"DynamicDetails" : "dynamic-details",
	"dynamic-details" : "DynamicDetails",
	"effortAndAction" : "effort-and-action",
	"effort-and-action" : "effortAndAction",
	"elapsedTime" : "elapsed-time",
	"elapsed-time" : "elapsedTime",
	"ElementalSignals" : "elemental-signals",
	"elemental-signals" : "ElementalSignals",
	"ENABLED" : "enabled",
	"enabled" : "ENABLED",
	"encryptionIsAvail" : "encryption-is-avail",
	"encryption-is-avail" : "encryptionIsAvail",
	"encryptionIsOn" : "encryption-is-on",
	"encryption-is-on" : "encryptionIsOn",
	"Equipment" : "equipment",
	"equipment" : "Equipment",
	"EquipmentCategory" : "equipment-category",
	"equipment-category" : "EquipmentCategory",
	"EquipmentDetail" : "equipment-detail",
	"equipment-detail" : "EquipmentDetail",
	"EquipmentInstance" : "equipment-instance",
	"equipment-instance" : "EquipmentInstance",
	"equipmentLocation" : "equipment-location",
	"equipment-location" : "equipmentLocation",
	"EquipmentPatternStructure" : "equipment-pattern-structure",
	"equipment-pattern-structure" : "EquipmentPatternStructure",
	"EquipmentType" : "equipment-type",
	"equipment-type" : "EquipmentType",
	"EthernetContainer" : "ethernet-container",
	"ethernet-container" : "EthernetContainer",
	"EthernetContainerCapability" : "ethernet-container-capability",
	"ethernet-container-capability" : "EthernetContainerCapability",
	"EthernetContainerConfiguration" : "ethernet-container-configuration",
	"ethernet-container-configuration" : "EthernetContainerConfiguration",
	"EthernetContainerCurrentPerformance" : "ethernet-container-current-performance",
	"ethernet-container-current-performance" : "EthernetContainerCurrentPerformance",
	"EthernetContainerCurrentProblems" : "ethernet-container-current-problems",
	"ethernet-container-current-problems" : "EthernetContainerCurrentProblems",
	"EthernetContainerHistoricalPerformances" : "ethernet-container-historical-performances",
	"ethernet-container-historical-performances" : "EthernetContainerHistoricalPerformances",
	"EthernetContainerStatus" : "ethernet-container-status",
	"ethernet-container-status" : "EthernetContainerStatus",
	"EXACT_MATCH" : "exact-match",
	"exact-match" : "EXACT_MATCH",
	"EXERCISE" : "exercise",
	"exercise" : "EXERCISE",
	"ExpectedAndActual" : "expected-and-actual",
	"expected-and-actual" : "ExpectedAndActual",
	"ExpectedEquipment" : "expected-equipment",
	"expected-equipment" : "ExpectedEquipment",
	"ExpectedHolder" : "expected-holder",
	"expected-holder" : "ExpectedHolder",
	"ExtCmdOperation" : "ext-cmd-operation",
	"ext-cmd-operation" : "ExtCmdOperation",
	"ExtendedAdminState" : "extended-admin-state",
	"extended-admin-state" : "ExtendedAdminState",
	"ExtendedTerminationDirection" : "extended-termination-direction",
	"extended-termination-direction" : "ExtendedTerminationDirection",
	"Extension" : "extension",
	"extension" : "Extension",
	"ExtensionLabel" : "extensionlabel",
	"extensionlabel" : "ExtensionLabel",
	"fcBlocksSignalToLp" : "fc-blocks-signal-to-lp",
	"fc-blocks-signal-to-lp" : "fcBlocksSignalToLp",
	"FcPort" : "fc-port",
	"fc-port" : "FcPort",
	"fcPortDirection" : "fc-port-direction",
	"fc-port-direction" : "fcPortDirection",
	"FcSwitch" : "fc-switch",
	"fc-switch" : "FcSwitch",
	"FEMALE" : "female",
	"female" : "FEMALE",
	"fireCharacteristics" : "fire-characteristics",
	"fire-characteristics" : "fireCharacteristics",
	"FORCED" : "forced",
	"forced" : "FORCED",
	"FORCED_SWITCH" : "forced-switch",
	"forced-switch" : "FORCED_SWITCH",
	"ForwardingConstruct" : "forwarding-construct",
	"forwarding-construct" : "ForwardingConstruct",
	"ForwardingDirection" : "forwarding-direction",
	"forwarding-direction" : "ForwardingDirection",
	"ForwardingDomain" : "forwarding-domain",
	"forwarding-domain" : "ForwardingDomain",
	"FUNCTIONALLY_STANDARDIZED" : "functionally-standardized",
	"functionally-standardized" : "FUNCTIONALLY_STANDARDIZED",
	"FunctionEnablers" : "function-enablers",
	"function-enablers" : "FunctionEnablers",
	"G.874.1-model" : "g.874.1-model",
	"g.874.1-model" : "G.874.1-model",
	"G:OTN_CurrentData" : "g:otn-current-data",
	"g:otn-current-data" : "G:OTN_CurrentData",
	"G:OTN_HistoryData" : "g:otn-history-data",
	"g:otn-history-data" : "G:OTN_HistoryData",
	"GCC1" : "gcc1",
	"gcc1" : "GCC1",
	"GCC1_AND_GCC2" : "gcc1-and-gcc2",
	"gcc1-and-gcc2" : "GCC1_AND_GCC2",
	"GCC2" : "gcc2",
	"gcc2" : "GCC2",
	"GccAccess" : "gcc-access",
	"gcc-access" : "GccAccess",
	"GeneralDirectives" : "general-directives",
	"general-directives" : "GeneralDirectives",
	"GeneralizedTime" : "generalized-time",
	"generalized-time" : "GeneralizedTime",
	"geographicalLocation" : "geographical-location",
	"geographical-location" : "geographicalLocation",
	"GET_READ" : "get-read",
	"get-read" : "GET_READ",
	"Global_Pac" : "global-pac",
	"global-pac" : "Global_Pac",
	"GlobalClass" : "global-class",
	"global-class" : "GlobalClass",
	"granularityPeriod" : "granularity-period",
	"granularity-period" : "granularityPeriod",
	"GranularityPeriodType" : "granularity-period-type",
	"granularity-period-type" : "GranularityPeriodType",
	"GROUP_DOWN" : "group-down",
	"group-down" : "GROUP_DOWN",
	"GroupOfPins" : "group-of-pins",
	"group-of-pins" : "GroupOfPins",
	"historicalPerformanceDataList" : "historical-performance-data-list",
	"historical-performance-data-list" : "historicalPerformanceDataList",
	"historyDataId" : "history-data-id",
	"history-data-id" : "historyDataId",
	"Holder" : "holder",
	"holder" : "Holder",
	"holderCategory" : "holder-category",
	"holder-category" : "holderCategory",
	"holderLocation" : "holder-location",
	"holder-location" : "holderLocation",
	"HolderMonitors" : "holder-monitors",
	"holder-monitors" : "HolderMonitors",
	"HolderStructure" : "holder-structure",
	"holder-structure" : "HolderStructure",
	"holdOffTime" : "hold-off-time",
	"hold-off-time" : "holdOffTime",
	"HORIZONTAL" : "horizontal",
	"horizontal" : "HORIZONTAL",
	"HSB" : "hsb",
	"hsb" : "HSB",
	"HybridMwStructure" : "hybrid-mw-structure",
	"hybrid-mw-structure" : "HybridMwStructure",
	"HybridMwStructureCapability" : "hybrid-mw-structure-capability",
	"hybrid-mw-structure-capability" : "HybridMwStructureCapability",
	"HybridMwStructureConfiguration" : "hybrid-mw-structure-configuration",
	"hybrid-mw-structure-configuration" : "HybridMwStructureConfiguration",
	"HybridMwStructureCurrentPerformance" : "hybrid-mw-structure-current-performance",
	"hybrid-mw-structure-current-performance" : "HybridMwStructureCurrentPerformance",
	"HybridMwStructureCurrentProblems" : "hybrid-mw-structure-current-problems",
	"hybrid-mw-structure-current-problems" : "HybridMwStructureCurrentProblems",
	"HybridMwStructureHistoricalPerformances" : "hybrid-mw-structure-historical-performances",
	"hybrid-mw-structure-historical-performances" : "HybridMwStructureHistoricalPerformances",
	"HybridMwStructureStatus" : "hybrid-mw-structure-status",
	"hybrid-mw-structure-status" : "HybridMwStructureStatus",
	"IF" : "if",
	"if" : "IF",
	"Illustrative_Object_Diagrams" : "illustrative-object-diagrams",
	"illustrative-object-diagrams" : "Illustrative_Object_Diagrams",
	"Imported_Data_Types" : "imported-data-types",
	"imported-data-types" : "Imported_Data_Types",
	"Imported_Information_Object_Classes" : "imported-information-object-classes",
	"imported-information-object-classes" : "Imported_Information_Object_Classes",
	"INCREASE_BW" : "increase-bw",
	"increase-bw" : "INCREASE_BW",
	"INCREMENTAL_STRUCTURE_AND_VALUES" : "incremental-structure-and-values",
	"incremental-structure-and-values" : "INCREMENTAL_STRUCTURE_AND_VALUES",
	"INPUT" : "input",
	"input" : "INPUT",
	"INSTALLED" : "installed",
	"installed" : "INSTALLED",
	"INTER_DOMAIN" : "inter-domain",
	"inter-domain" : "INTER_DOMAIN",
	"INTRA_DOMAIN" : "intra-domain",
	"intra-domain" : "INTRA_DOMAIN",
	"INTRA_OFFICE" : "intra-office",
	"intra-office" : "INTRA_OFFICE",
	"INTRUSIVE" : "intrusive",
	"intrusive" : "INTRUSIVE",
	"InvariantDetails" : "invariant-details",
	"invariant-details" : "InvariantDetails",
	"ipv4CompressionIsAvail" : "ipv4-compression-is-avail",
	"ipv4-compression-is-avail" : "ipv4CompressionIsAvail",
	"ipv4CompressionIsOn" : "ipv4-compression-is-on",
	"ipv4-compression-is-on" : "ipv4CompressionIsOn",
	"ipv6CompressionIsAvail" : "ipv6-compression-is-avail",
	"ipv6-compression-is-avail" : "ipv6CompressionIsAvail",
	"ipv6CompressionIsOn" : "ipv6-compression-is-on",
	"ipv6-compression-is-on" : "ipv6CompressionIsOn",
	"isActive" : "is-active",
	"is-active" : "isActive",
	"isActualMismatchWithExpected" : "is-actual-mismatch-with-expected",
	"is-actual-mismatch-with-expected" : "isActualMismatchWithExpected",
	"isCaptive" : "is-captive",
	"is-captive" : "isCaptive",
	"isCoordinatedSwitchingBothEnds" : "is-coordinated-switching-both-ends",
	"is-coordinated-switching-both-ends" : "isCoordinatedSwitchingBothEnds",
	"isFieldReplaceable" : "is-field-replaceable",
	"is-field-replaceable" : "isFieldReplaceable",
	"isFrozen" : "is-frozen",
	"is-frozen" : "isFrozen",
	"isGuided" : "is-guided",
	"is-guided" : "isGuided",
	"isHotSwappable" : "is-hot-swappable",
	"is-hot-swappable" : "isHotSwappable",
	"isInternalPort" : "is-internal-port",
	"is-internal-port" : "isInternalPort",
	"IsNot" : "is-not",
	"is-not" : "IsNot",
	"isProtectionLockOut" : "is-protection-lock-out",
	"is-protection-lock-out" : "isProtectionLockOut",
	"isQuantisedSpace" : "is-quantised-space",
	"is-quantised-space" : "isQuantisedSpace",
	"isShortLived" : "is-short-lived",
	"is-short-lived" : "isShortLived",
	"Label" : "label",
	"label" : "Label",
	"lastStatusChange" : "last-status-change",
	"last-status-change" : "lastStatusChange",
	"layer2CompressionIsAvail" : "layer2-compression-is-avail",
	"layer2-compression-is-avail" : "layer2CompressionIsAvail",
	"layer2CompressionIsOn" : "layer2-compression-is-on",
	"layer2-compression-is-on" : "layer2CompressionIsOn",
	"layer4CompressionIsAvail" : "layer4-compression-is-avail",
	"layer4-compression-is-avail" : "layer4CompressionIsAvail",
	"layer4CompressionIsOn" : "layer4-compression-is-on",
	"layer4-compression-is-on" : "layer4CompressionIsOn",
	"LayerProtocol" : "layer-protocol",
	"layer-protocol" : "LayerProtocol",
	"layerProtocolName" : "layer-protocol-name",
	"layer-protocol-name" : "layerProtocolName",
	"lifecycleState" : "lifecycle-state",
	"lifecycle-state" : "lifecycleState",
	"linkIsUp" : "link-is-up",
	"link-is-up" : "linkIsUp",
	"LinkType" : "link-type",
	"link-type" : "LinkType",
	"Local_Pac" : "local-pac",
	"local-pac" : "Local_Pac",
	"LocalClass" : "local-class",
	"local-class" : "LocalClass",
	"LocalClassGroupOfPins" : "local-classgroup-of-pins",
	"local-classgroup-of-pins" : "LocalClassGroupOfPins",
	"localEndPointId" : "local-end-point-id",
	"local-end-point-id" : "localEndPointId",
	"localId" : "local-id",
	"local-id" : "localId",
	"LocalIdAndClass" : "local-id-and-class",
	"local-id-and-class" : "LocalIdAndClass",
	"Location" : "location",
	"location" : "Location",
	"LOCK_ACTIVE" : "lock-active",
	"lock-active" : "LOCK_ACTIVE",
	"LOCK_IMMEDIATE" : "lock-immediate",
	"lock-immediate" : "LOCK_IMMEDIATE",
	"LOCK_OUT" : "lock-out",
	"lock-out" : "LOCK_OUT",
	"LOCK_PASSIVE" : "lock-passive",
	"lock-passive" : "LOCK_PASSIVE",
	"LOCKED" : "locked",
	"locked" : "LOCKED",
	"LOCKOUT" : "lockout",
	"lockout" : "LOCKOUT",
	"LOF" : "lof",
	"lof" : "LOF",
	"LogicalTerminationPoint" : "logical-termination-point",
	"logical-termination-point" : "LogicalTerminationPoint",
	"LOL" : "lol",
	"lol" : "LOL",
	"LOM" : "lom",
	"lom" : "LOM",
	"LONGHAUL" : "longhaul",
	"longhaul" : "LONGHAUL",
	"loopBackKindOn" : "loop-back-kind-on",
	"loop-back-kind-on" : "loopBackKindOn",
	"loopBackKindUp" : "loop-back-kind-up",
	"loop-back-kind-up" : "loopBackKindUp",
	"LoopBackType" : "loop-back-type",
	"loop-back-type" : "LoopBackType",
	"LOS" : "los",
	"los" : "LOS",
	"LOS_O" : "los-o",
	"los-o" : "LOS_O",
	"LOS_P" : "los-p",
	"los-p" : "LOS_P",
	"LP_CAN_NEVER_TERMINATE" : "lp-can-never-terminate",
	"lp-can-never-terminate" : "LP_CAN_NEVER_TERMINATE",
	"lpDirection" : "lp-direction",
	"lp-direction" : "lpDirection",
	"LT_NOT_TERMINATED" : "lt-not-terminated",
	"lt-not-terminated" : "LT_NOT_TERMINATED",
	"LT_PERMENANTLY_TERMINATED" : "lt-permenantly-terminated",
	"lt-permenantly-terminated" : "LT_PERMENANTLY_TERMINATED",
	"ltpDirection" : "ltp-direction",
	"ltp-direction" : "ltpDirection",
	"maintenanceTimer" : "maintenance-timer",
	"maintenance-timer" : "maintenanceTimer",
	"maintenanceTimerRange" : "maintenance-timer-range",
	"maintenance-timer-range" : "maintenanceTimerRange",
	"MAJOR" : "major",
	"major" : "MAJOR",
	"MALE" : "male",
	"male" : "MALE",
	"MANUAL" : "manual",
	"manual" : "MANUAL",
	"MANUAL_SWITCH" : "manual-switch",
	"manual-switch" : "MANUAL_SWITCH",
	"manufactureDate" : "manufacture-date",
	"manufacture-date" : "manufactureDate",
	"ManufacturedThing" : "manufactured-thing",
	"manufactured-thing" : "ManufacturedThing",
	"manufacturerIdentifier" : "manufacturer-identifier",
	"manufacturer-identifier" : "manufacturerIdentifier",
	"manufacturerName" : "manufacturer-name",
	"manufacturer-name" : "manufacturerName",
	"ManufacturerProperties" : "manufacturer-properties",
	"manufacturer-properties" : "ManufacturerProperties",
	"maxNumberOfSegmentsReservable" : "max-number-of-segments-reservable",
	"max-number-of-segments-reservable" : "maxNumberOfSegmentsReservable",
	"MechanicalFeatures" : "mechanical-features",
	"mechanical-features" : "MechanicalFeatures",
	"MechanicalFunctions" : "mechanical-functions",
	"mechanical-functions" : "MechanicalFunctions",
	"MicrowaveModel" : "microwave-model",
	"microwave-model" : "MicrowaveModel",
	"mimoChannels" : "mimo-channels",
	"mimo-channels" : "mimoChannels",
	"mimoIsAvail" : "mimo-is-avail",
	"mimo-is-avail" : "mimoIsAvail",
	"mimoIsOn" : "mimo-is-on",
	"mimo-is-on" : "mimoIsOn",
	"mimoIsUp" : "mimo-is-up",
	"mimo-is-up" : "mimoIsUp",
	"MINOR" : "minor",
	"minor" : "MINOR",
	"modelIdentifier" : "model-identifier",
	"model-identifier" : "modelIdentifier",
	"modulationCur" : "modulation-cur",
	"modulation-cur" : "modulationCur",
	"modulationIsOn" : "modulation-is-on",
	"modulation-is-on" : "modulationIsOn",
	"modulationMax" : "modulation-max",
	"modulation-max" : "modulationMax",
	"modulationMin" : "modulation-min",
	"modulation-min" : "modulationMin",
	"modulationScheme" : "modulation-scheme",
	"modulation-scheme" : "modulationScheme",
	"MONITOR" : "monitor",
	"monitor" : "MONITOR",
	"MonitoredDirection" : "monitored-direction",
	"monitored-direction" : "MonitoredDirection",
	"mplsCompressionIsAvail" : "mpls-compression-is-avail",
	"mpls-compression-is-avail" : "mplsCompressionIsAvail",
	"mplsCompressionIsOn" : "mpls-compression-is-on",
	"mpls-compression-is-on" : "mplsCompressionIsOn",
	"MW_AirInterface_Pac" : "mw-air-interface-pac",
	"mw-air-interface-pac" : "MW_AirInterface_Pac",
	"MW_AirInterfaceDiversity_Pac" : "mw-air-interface-diversity-pac",
	"mw-air-interface-diversity-pac" : "MW_AirInterfaceDiversity_Pac",
	"MW_AirInterfaceHsbEndPoint_Pac" : "mw-air-interface-hsb-end-point-pac",
	"mw-air-interface-hsb-end-point-pac" : "MW_AirInterfaceHsbEndPoint_Pac",
	"MW_AirInterfaceHsbFcSwitch_Pac" : "mw-air-interface-hsb-fc-switch-pac",
	"mw-air-interface-hsb-fc-switch-pac" : "MW_AirInterfaceHsbFcSwitch_Pac",
	"MW_EthernetContainer_Pac" : "mw-ethernet-container-pac",
	"mw-ethernet-container-pac" : "MW_EthernetContainer_Pac",
	"MW_HybridMwStructure_Pac" : "mw-hybrid-mw-structure-pac",
	"mw-hybrid-mw-structure-pac" : "MW_HybridMwStructure_Pac",
	"MW_PureEthernetStructure_Pac" : "mw-pure-ethernet-structure-pac",
	"mw-pure-ethernet-structure-pac" : "MW_PureEthernetStructure_Pac",
	"MW_TdmContainer_Pac" : "mw-tdm-container-pac",
	"mw-tdm-container-pac" : "MW_TdmContainer_Pac",
	"MwCurrentProblem" : "mw-current-problem",
	"mw-current-problem" : "MwCurrentProblem",
	"Name" : "name",
	"name" : "Name",
	"NameAndClass" : "name-and-class",
	"name-and-class" : "NameAndClass",
	"NameAndValue" : "name-and-value",
	"name-and-value" : "NameAndValue",
	"NameAndValueAuthority" : "name-and-value-authority",
	"name-and-value-authority" : "NameAndValueAuthority",
	"nameBinding" : "name-binding",
	"name-binding" : "nameBinding",
	"NameLabelExtensionState_Pac" : "namelabelextensionstate-pac",
	"namelabelextensionstate-pac" : "NameLabelExtensionState_Pac",
	"NecessaryInitialConditionConstraints" : "necessary-initial-condition-constraints",
	"necessary-initial-condition-constraints" : "NecessaryInitialConditionConstraints",
	"NetworkElement" : "network-element",
	"network-element" : "NetworkElement",
	"NEW_STRUCTURE_AND_VALUES" : "new-structure-and-values",
	"new-structure-and-values" : "NEW_STRUCTURE_AND_VALUES",
	"newValue" : "new-value",
	"new-value" : "newValue",
	"NO_PAUSE_POSSIBLE" : "no-pause-possible",
	"no-pause-possible" : "NO_PAUSE_POSSIBLE",
	"NO_WDM" : "no-wdm",
	"no-wdm" : "NO_WDM",
	"NON" : "non",
	"non" : "NON",
	"NON_ALARMED" : "non-alarmed",
	"non-alarmed" : "NON_ALARMED",
	"NONE" : "none",
	"none" : "NONE",
	"NON-INTRUSIVE" : "non-intrusive",
	"non-intrusive" : "NON-INTRUSIVE",
	"NON-REVERTIVE" : "non-revertive",
	"non-revertive" : "NON-REVERTIVE",
	"NORMAL" : "normal",
	"normal" : "NORMAL",
	"NOT_ALL_AI_ACTIVE" : "not-all-ai-active",
	"not-all-ai-active" : "NOT_ALL_AI_ACTIVE",
	"NOT_SPECIFIED" : "not-specified",
	"not-specified" : "NOT_SPECIFIED",
	"Notifications" : "notifications",
	"notifications" : "Notifications",
	"NUMBER_ERRORED_BLOCKS" : "number-errored-blocks",
	"number-errored-blocks" : "NUMBER_ERRORED_BLOCKS",
	"numberOfAirInterfacesMax" : "number-of-air-interfaces-max",
	"number-of-air-interfaces-max" : "numberOfAirInterfacesMax",
	"numberOfTdmSegmentsToBeReserved" : "number-of-tdm-segments-to-be-reserved",
	"number-of-tdm-segments-to-be-reserved" : "numberOfTdmSegmentsToBeReserved",
	"numberOfTimeSlotsRequired" : "number-of-time-slots-required",
	"number-of-time-slots-required" : "numberOfTimeSlotsRequired",
	"Object_Classes" : "object-classes",
	"object-classes" : "Object_Classes",
	"objectClass" : "object-class",
	"object-class" : "objectClass",
	"ObjectClasses" : "object-classes",
	"object-classes" : "ObjectClasses",
	"ObjectCreationNotification" : "object-creation-notification",
	"object-creation-notification" : "ObjectCreationNotification",
	"ObjectDeletionNotification" : "object-deletion-notification",
	"object-deletion-notification" : "ObjectDeletionNotification",
	"ObjectIdentifier" : "object-identifier",
	"object-identifier" : "ObjectIdentifier",
	"objectIdRef" : "object-id-ref",
	"object-id-ref" : "objectIdRef",
	"ObjectInstance" : "object-instance",
	"object-instance" : "ObjectInstance",
	"objectType" : "object-type",
	"object-type" : "objectType",
	"obsoleteDropOrderRank" : "obsolete-drop-order-rank",
	"obsolete-drop-order-rank" : "obsoleteDropOrderRank",
	"obsoletePriorityClass" : "obsolete-priority-class",
	"obsolete-priority-class" : "obsoletePriorityClass",
	"OCI" : "oci",
	"oci" : "OCI",
	"OCTk_NimKBitRate" : "oc-tk-nim-k-bit-rate",
	"oc-tk-nim-k-bit-rate" : "OCTk_NimKBitRate",
	"OCTk_NimProblemList" : "oc-tk-nim-problem-list",
	"oc-tk-nim-problem-list" : "OCTk_NimProblemList",
	"OFF" : "off",
	"off" : "OFF",
	"ON" : "on",
	"on" : "ON",
	"ONLY_VALUES_IN_EXISTING_STRUCTURE" : "only-values-in-existing-structure",
	"only-values-in-existing-structure" : "ONLY_VALUES_IN_EXISTING_STRUCTURE",
	"OPERATIONAL" : "operational",
	"operational" : "OPERATIONAL",
	"operationalState" : "operational-state",
	"operational-state" : "operationalState",
	"operationalStatus" : "operational-status",
	"operational-status" : "operationalStatus",
	"OperationDetails" : "operation-details",
	"operation-details" : "OperationDetails",
	"OperationEnvelope" : "operation-envelope",
	"operation-envelope" : "OperationEnvelope",
	"OperationIdentifiers" : "operation-identifiers",
	"operation-identifiers" : "OperationIdentifiers",
	"OperationSet" : "operation-set",
	"operation-set" : "OperationSet",
	"OperatorAugmentedEquipmentType" : "operator-augmented-equipment-type",
	"operator-augmented-equipment-type" : "OperatorAugmentedEquipmentType",
	"OperType" : "oper-type",
	"oper-type" : "OperType",
	"OPSMnk_TtpKBitRate" : "ops-mnk-ttp-k-bit-rate",
	"ops-mnk-ttp-k-bit-rate" : "OPSMnk_TtpKBitRate",
	"OPSMnk_TtpProblemList" : "ops-mnk-ttp-problem-list",
	"ops-mnk-ttp-problem-list" : "OPSMnk_TtpProblemList",
	"OPSn_TtpProblemList" : "op-sn-ttp-problem-list",
	"op-sn-ttp-problem-list" : "OPSn_TtpProblemList",
	"OTM-n_KBitRates" : "otm-n-k-bit-rates",
	"otm-n-k-bit-rates" : "OTM-n_KBitRates",
	"OTM-n_OpticalReach" : "otm-n-optical-reach",
	"otm-n-optical-reach" : "OTM-n_OpticalReach",
	"OTN_CurrentData" : "otn-current-data",
	"otn-current-data" : "OTN_CurrentData",
	"OTN_HistoryData" : "otn-history-data",
	"otn-history-data" : "OTN_HistoryData",
	"OTSn_TtpProblemList" : "ot-sn-ttp-problem-list",
	"ot-sn-ttp-problem-list" : "OTSn_TtpProblemList",
	"OTUk_CtpAdaptation" : "ot-uk-ctp-adaptation",
	"ot-uk-ctp-adaptation" : "OTUk_CtpAdaptation",
	"OTUk_CtpKBitRate" : "ot-uk-ctp-k-bit-rate",
	"ot-uk-ctp-k-bit-rate" : "OTUk_CtpKBitRate",
	"OTUk_CtpProblemList" : "ot-uk-ctp-problem-list",
	"ot-uk-ctp-problem-list" : "OTUk_CtpProblemList",
	"OTUk_TtpProblemList" : "ot-uk-ttp-problem-list",
	"ot-uk-ttp-problem-list" : "OTUk_TtpProblemList",
	"OUTPUT" : "output",
	"output" : "OUTPUT",
	"packetCompressionIsAvail" : "packet-compression-is-avail",
	"packet-compression-is-avail" : "packetCompressionIsAvail",
	"packetCompressionIsOn" : "packet-compression-is-on",
	"packet-compression-is-on" : "packetCompressionIsOn",
	"partTypeIdentifier" : "part-type-identifier",
	"part-type-identifier" : "partTypeIdentifier",
	"PATH" : "path",
	"path" : "PATH",
	"Pattern" : "pattern",
	"pattern" : "Pattern",
	"PauseResumeRule" : "pause-resume-rule",
	"pause-resume-rule" : "PauseResumeRule",
	"PENDING_REMOVAL" : "pending-removal",
	"pending-removal" : "PENDING_REMOVAL",
	"PERCENTAGE" : "percentage",
	"percentage" : "PERCENTAGE",
	"performanceData" : "performance-data",
	"performance-data" : "performanceData",
	"PERIOD_15MIN" : "period-15-min",
	"period-15-min" : "PERIOD_15MIN",
	"PERIOD_24HOURS" : "period-24-hours",
	"period-24-hours" : "PERIOD_24HOURS",
	"periodEndTime" : "period-end-time",
	"period-end-time" : "periodEndTime",
	"PhysicalCharacteristics" : "physical-characteristics",
	"physical-characteristics" : "PhysicalCharacteristics",
	"physicalPortReference" : "physical-port-reference",
	"physical-port-reference" : "physicalPortReference",
	"PhysicalProperties" : "physical-properties",
	"physical-properties" : "PhysicalProperties",
	"PhysicalRating" : "physical-rating",
	"physical-rating" : "PhysicalRating",
	"Pin" : "pin",
	"pin" : "Pin",
	"PinGroup" : "pin-group",
	"pin-group" : "PinGroup",
	"PinLayout" : "pin-layout",
	"pin-layout" : "PinLayout",
	"PLANNED" : "planned",
	"planned" : "PLANNED",
	"PolarizationType" : "polarization-type",
	"polarization-type" : "PolarizationType",
	"Port" : "port",
	"port" : "Port",
	"PortDirection" : "port-direction",
	"port-direction" : "PortDirection",
	"PortGroupOfPins" : "portgroup-of-pins",
	"portgroup-of-pins" : "PortGroupOfPins",
	"PortRole" : "port-role",
	"port-role" : "PortRole",
	"Position" : "position",
	"position" : "Position",
	"POTENTIAL" : "potential",
	"potential" : "POTENTIAL",
	"powerIsOn" : "power-is-on",
	"power-is-on" : "powerIsOn",
	"powerRating" : "power-rating",
	"power-rating" : "powerRating",
	"powerState" : "power-state",
	"power-state" : "powerState",
	"PrintableString" : "printable-string",
	"printable-string" : "PrintableString",
	"problemKindName" : "problem-kind-name",
	"problem-kind-name" : "problemKindName",
	"problemKindSeverity" : "problem-kind-severity",
	"problem-kind-severity" : "problemKindSeverity",
	"problemKindSeverityList" : "problem-kind-severity-list",
	"problem-kind-severity-list" : "problemKindSeverityList",
	"problemName" : "problem-name",
	"problem-name" : "problemName",
	"ProblemNotification" : "problem-notification",
	"problem-notification" : "ProblemNotification",
	"problemSeverity" : "problem-severity",
	"problem-severity" : "problemSeverity",
	"PROPRIETARY" : "proprietary",
	"proprietary" : "PROPRIETARY",
	"PROTECTED" : "protected",
	"protected" : "PROTECTED",
	"PROTECTION" : "protection",
	"protection" : "PROTECTION",
	"ProtectionReason" : "protection-reason",
	"protection-reason" : "ProtectionReason",
	"ProtectionType" : "protection-type",
	"protection-type" : "ProtectionType",
	"protType" : "prot-type",
	"prot-type" : "protType",
	"PureEthernetStructure" : "pure-ethernet-structure",
	"pure-ethernet-structure" : "PureEthernetStructure",
	"PureEthernetStructureCapability" : "pure-ethernet-structure-capability",
	"pure-ethernet-structure-capability" : "PureEthernetStructureCapability",
	"PureEthernetStructureConfiguration" : "pure-ethernet-structure-configuration",
	"pure-ethernet-structure-configuration" : "PureEthernetStructureConfiguration",
	"PureEthernetStructureCurrentPerformance" : "pure-ethernet-structure-current-performance",
	"pure-ethernet-structure-current-performance" : "PureEthernetStructureCurrentPerformance",
	"PureEthernetStructureCurrentProblems" : "pure-ethernet-structure-current-problems",
	"pure-ethernet-structure-current-problems" : "PureEthernetStructureCurrentProblems",
	"PureEthernetStructureHistoricalPerformances" : "pure-ethernet-structure-historical-performances",
	"pure-ethernet-structure-historical-performances" : "PureEthernetStructureHistoricalPerformances",
	"PureEthernetStructureStatus" : "pure-ethernet-structure-status",
	"pure-ethernet-structure-status" : "PureEthernetStructureStatus",
	"Q.822" : "q.822",
	"q.822" : "Q.822",
	"Q.822_CurrentData" : "q.822-current-data",
	"q.822-current-data" : "Q.822_CurrentData",
	"Q.822_HistoryData" : "q.822-history-data",
	"q.822-history-data" : "Q.822_HistoryData",
	"qInQCompressionIsAvail" : "q-in-q-compression-is-avail",
	"q-in-q-compression-is-avail" : "qInQCompressionIsAvail",
	"qInQCompressionIsOn" : "q-in-q-compression-is-on",
	"q-in-q-compression-is-on" : "qInQCompressionIsOn",
	"RACK" : "rack",
	"rack" : "RACK",
	"radioPowerIsUp" : "radio-power-is-up",
	"radio-power-is-up" : "radioPowerIsUp",
	"radioSignalID" : "radio-signal-id",
	"radio-signal-id" : "radioSignalID",
	"Real" : "real",
	"real" : "Real",
	"receiverIsOn" : "receiver-is-on",
	"receiver-is-on" : "receiverIsOn",
	"REGULAR" : "regular",
	"regular" : "REGULAR",
	"relativePosition" : "relative-position",
	"relative-position" : "relativePosition",
	"RELEASE_OF_FORCED_SWITCH" : "release-of-forced-switch",
	"release-of-forced-switch" : "RELEASE_OF_FORCED_SWITCH",
	"RELEASE_OF_LOCKOUT" : "release-of-lockout",
	"release-of-lockout" : "RELEASE_OF_LOCKOUT",
	"RELEASE_OF_MANUAL_SWITCH" : "release-of-manual-switch",
	"release-of-manual-switch" : "RELEASE_OF_MANUAL_SWITCH",
	"remoteEndPointId" : "remote-end-point-id",
	"remote-end-point-id" : "remoteEndPointId",
	"Resilience" : "resilience",
	"resilience" : "Resilience",
	"ResizeOperationType" : "resize-operation-type",
	"resize-operation-type" : "ResizeOperationType",
	"RESPONDER" : "responder",
	"responder" : "RESPONDER",
	"ReversionMode" : "reversion-mode",
	"reversion-mode" : "ReversionMode",
	"REVERTIVE" : "revertive",
	"revertive" : "REVERTIVE",
	"RF" : "rf",
	"rf" : "RF",
	"rfTempAvg" : "rf-temp-avg",
	"rf-temp-avg" : "rfTempAvg",
	"rfTempCur" : "rf-temp-cur",
	"rf-temp-cur" : "rfTempCur",
	"rfTempMax" : "rf-temp-max",
	"rf-temp-max" : "rfTempMax",
	"rfTempMin" : "rf-temp-min",
	"rf-temp-min" : "rfTempMin",
	"RoleType" : "role-type",
	"role-type" : "RoleType",
	"rotationSpeed" : "rotation-speed",
	"rotation-speed" : "rotationSpeed",
	"RouteSelectionControl" : "route-selection-control",
	"route-selection-control" : "RouteSelectionControl",
	"RouteSelectionReason" : "route-selection-reason",
	"route-selection-reason" : "RouteSelectionReason",
	"RuleModels" : "rule-models",
	"rule-models" : "RuleModels",
	"rxChannelBandwidth" : "rx-channel-bandwidth",
	"rx-channel-bandwidth" : "rxChannelBandwidth",
	"rxFrequency" : "rx-frequency",
	"rx-frequency" : "rxFrequency",
	"rxFrequencyCur" : "rx-frequency-cur",
	"rx-frequency-cur" : "rxFrequencyCur",
	"rxFrequencyMax" : "rx-frequency-max",
	"rx-frequency-max" : "rxFrequencyMax",
	"rxFrequencyMin" : "rx-frequency-min",
	"rx-frequency-min" : "rxFrequencyMin",
	"rxLevelAvg" : "rx-level-avg",
	"rx-level-avg" : "rxLevelAvg",
	"rxLevelCur" : "rx-level-cur",
	"rx-level-cur" : "rxLevelCur",
	"rxLevelMax" : "rx-level-max",
	"rx-level-max" : "rxLevelMax",
	"rxLevelMin" : "rx-level-min",
	"rx-level-min" : "rxLevelMin",
	"rxThreshold" : "rx-threshold",
	"rx-threshold" : "rxThreshold",
	"SAPI" : "sapi",
	"sapi" : "SAPI",
	"scannerId" : "scanner-id",
	"scanner-id" : "scannerId",
	"SECTION" : "section",
	"section" : "SECTION",
	"segmentID" : "segment-id",
	"segment-id" : "segmentID",
	"segmentIdRef" : "segment-id-ref",
	"segment-id-ref" : "segmentIdRef",
	"SegmentIDType" : "segment-id-type",
	"segment-id-type" : "SegmentIDType",
	"segmentIsReservedForTdm" : "segment-is-reserved-for-tdm",
	"segment-is-reserved-for-tdm" : "segmentIsReservedForTdm",
	"segmentsIdList" : "segments-id-list",
	"segments-id-list" : "segmentsIdList",
	"segmentStatusList" : "segment-status-list",
	"segment-status-list" : "segmentStatusList",
	"SegmentStatusType" : "segment-status-type",
	"segment-status-type" : "SegmentStatusType",
	"segmentStatusTypeId" : "segment-status-type-id",
	"segment-status-type-id" : "segmentStatusTypeId",
	"selectionPriority" : "selection-priority",
	"selection-priority" : "selectionPriority",
	"sequenceNumber" : "sequence-number",
	"sequence-number" : "sequenceNumber",
	"serialNumber" : "serial-number",
	"serial-number" : "serialNumber",
	"servicePriority" : "service-priority",
	"service-priority" : "servicePriority",
	"SET_UPDATE_PUT_MODIFY_WRITE_ADD" : "set-update-put-modify-write-add",
	"set-update-put-modify-write-add" : "SET_UPDATE_PUT_MODIFY_WRITE_ADD",
	"SeverityType" : "severity-type",
	"severity-type" : "SeverityType",
	"SHORTHAUL" : "shorthaul",
	"shorthaul" : "SHORTHAUL",
	"SHUTTING_DOWN" : "shutting-down",
	"shutting-down" : "SHUTTING_DOWN",
	"SHUTTING_DOWN_ACTIVE" : "shutting-down-active",
	"shutting-down-active" : "SHUTTING_DOWN_ACTIVE",
	"SHUTTING_DOWN_PASSIVE" : "shutting-down-passive",
	"shutting-down-passive" : "SHUTTING_DOWN_PASSIVE",
	"SIGNAL_DEGRADE" : "signal-degrade",
	"signal-degrade" : "SIGNAL_DEGRADE",
	"SIGNAL_FAIL" : "signal-fail",
	"signal-fail" : "SIGNAL_FAIL",
	"SignalRefPt" : "signal-ref-pt",
	"signal-ref-pt" : "SignalRefPt",
	"SignalRefPtGroup" : "signal-ref-pt-group",
	"signal-ref-pt-group" : "SignalRefPtGroup",
	"SINK" : "sink",
	"sink" : "SINK",
	"SLOT" : "slot",
	"slot" : "SLOT",
	"SMALL_FORMFACTOR_PLUGGABLE" : "small-formfactor-pluggable",
	"small-formfactor-pluggable" : "SMALL_FORMFACTOR_PLUGGABLE",
	"snirAvg" : "snir-avg",
	"snir-avg" : "snirAvg",
	"snirCur" : "snir-cur",
	"snir-cur" : "snirCur",
	"snirMax" : "snir-max",
	"snir-max" : "snirMax",
	"snirMin" : "snir-min",
	"snir-min" : "snirMin",
	"sortOfCoChannelGroup" : "sort-of-co-channel-group",
	"sort-of-co-channel-group" : "sortOfCoChannelGroup",
	"SOURCE" : "source",
	"source" : "SOURCE",
	"SpatialPropertiesOfType" : "spatial-properties-of-type",
	"spatial-properties-of-type" : "SpatialPropertiesOfType",
	"SSF" : "ssf",
	"ssf" : "SSF",
	"SSF_O" : "ssf-o",
	"ssf-o" : "SSF_O",
	"SSF_P" : "ssf-p",
	"ssf-p" : "SSF_P",
	"STAND_ALONE_UNIT" : "stand-alone-unit",
	"stand-alone-unit" : "STAND_ALONE_UNIT",
	"STANDARD" : "standard",
	"standard" : "STANDARD",
	"State_Pac" : "state-pac",
	"state-pac" : "State_Pac",
	"StateModel" : "state-model",
	"state-model" : "StateModel",
	"STRUCTURE_IS_NOT" : "structure-is-not",
	"structure-is-not" : "STRUCTURE_IS_NOT",
	"StructureCurrentPerformanceType" : "structure-current-performance-type",
	"structure-current-performance-type" : "StructureCurrentPerformanceType",
	"StructureCurrentProblemType" : "structure-current-problem-type",
	"structure-current-problem-type" : "StructureCurrentProblemType",
	"StructureHistoricalPerformanceType" : "structure-historical-performance-type",
	"structure-historical-performance-type" : "StructureHistoricalPerformanceType",
	"structureId" : "structure-id",
	"structure-id" : "structureId",
	"structureIdRef" : "structure-id-ref",
	"structure-id-ref" : "structureIdRef",
	"StructurePerformanceType" : "structure-performance-type",
	"structure-performance-type" : "StructurePerformanceType",
	"StructureProblemSeverityType" : "structure-problem-severity-type",
	"structure-problem-severity-type" : "StructureProblemSeverityType",
	"structureType" : "structure-type",
	"structure-type" : "structureType",
	"SUBRACK" : "subrack",
	"subrack" : "SUBRACK",
	"SuperClasses" : "super-classes",
	"super-classes" : "SuperClasses",
	"SuperClassesAndCommonPackages" : "super-classes-and-common-packages",
	"super-classes-and-common-packages" : "SuperClassesAndCommonPackages",
	"supportedAlarms" : "supported-alarms",
	"supported-alarms" : "supportedAlarms",
	"supportedChannelPlan" : "supported-channel-plan",
	"supported-channel-plan" : "supportedChannelPlan",
	"supportedChannelPlanList" : "supported-channel-plan-list",
	"supported-channel-plan-list" : "supportedChannelPlanList",
	"supportedLoopBackKindList" : "supported-loop-back-kind-list",
	"supported-loop-back-kind-list" : "supportedLoopBackKindList",
	"supportedTdmContainerTypesList" : "supported-tdm-container-types-list",
	"supported-tdm-container-types-list" : "supportedTdmContainerTypesList",
	"supportedTdmStructureTypesList" : "supported-tdm-structure-types-list",
	"supported-tdm-structure-types-list" : "supportedTdmStructureTypesList",
	"suspectIntervalFlag" : "suspect-interval-flag",
	"suspect-interval-flag" : "suspectIntervalFlag",
	"Swapability" : "swapability",
	"swapability" : "Swapability",
	"SwitchControl" : "switch-control",
	"switch-control" : "SwitchControl",
	"switchRule" : "switch-rule",
	"switch-rule" : "switchRule",
	"switchSelectionReason" : "switch-selection-reason",
	"switch-selection-reason" : "switchSelectionReason",
	"switchSelectsPorts" : "switch-selects-ports",
	"switch-selects-ports" : "switchSelectsPorts",
	"SwitchStateReason" : "switch-state-reason",
	"switch-state-reason" : "SwitchStateReason",
	"SYMMETRIC_NEUTRAL" : "symmetric-neutral",
	"symmetric-neutral" : "SYMMETRIC_NEUTRAL",
	"TCM1" : "tcm1",
	"tcm1" : "TCM1",
	"TCM2" : "tcm2",
	"tcm2" : "TCM2",
	"TCM3" : "tcm3",
	"tcm3" : "TCM3",
	"TCM4" : "tcm4",
	"tcm4" : "TCM4",
	"TCM5" : "tcm5",
	"tcm5" : "TCM5",
	"TCM6" : "tcm6",
	"tcm6" : "TCM6",
	"TcmMode" : "tcm-mode",
	"tcm-mode" : "TcmMode",
	"TcmMonitoring" : "tcm-monitoring",
	"tcm-monitoring" : "TcmMonitoring",
	"TdmContainer" : "tdm-container",
	"tdm-container" : "TdmContainer",
	"TdmContainerCapability" : "tdm-container-capability",
	"tdm-container-capability" : "TdmContainerCapability",
	"TdmContainerConfiguration" : "tdm-container-configuration",
	"tdm-container-configuration" : "TdmContainerConfiguration",
	"TdmContainerCurrentPerformance" : "tdm-container-current-performance",
	"tdm-container-current-performance" : "TdmContainerCurrentPerformance",
	"TdmContainerCurrentProblems" : "tdm-container-current-problems",
	"tdm-container-current-problems" : "TdmContainerCurrentProblems",
	"TdmContainerHistoricalPerformances" : "tdm-container-historical-performances",
	"tdm-container-historical-performances" : "TdmContainerHistoricalPerformances",
	"tdmContainerName" : "tdm-container-name",
	"tdm-container-name" : "tdmContainerName",
	"tdmContainerSize" : "tdm-container-size",
	"tdm-container-size" : "tdmContainerSize",
	"TdmContainerStatus" : "tdm-container-status",
	"tdm-container-status" : "TdmContainerStatus",
	"TdmContainerType" : "tdm-container-type",
	"tdm-container-type" : "TdmContainerType",
	"tdmSegmentSize" : "tdm-segment-size",
	"tdm-segment-size" : "tdmSegmentSize",
	"tdmStructureName" : "tdm-structure-name",
	"tdm-structure-name" : "tdmStructureName",
	"TdmStructureType" : "tdm-structure-type",
	"tdm-structure-type" : "TdmStructureType",
	"tdmTimeSlotsIsRequired" : "tdm-time-slots-is-required",
	"tdm-time-slots-is-required" : "tdmTimeSlotsIsRequired",
	"TERMINATED_BIDIRECTIONAL" : "terminated-bidirectional",
	"terminated-bidirectional" : "TERMINATED_BIDIRECTIONAL",
	"TERMINATED_CLIENT_TO_SERVER_FLOW" : "terminated-client-to-server-flow",
	"terminated-client-to-server-flow" : "TERMINATED_CLIENT_TO_SERVER_FLOW",
	"TERMINATED_SERVER_TO_CLIENT_FLOW" : "terminated-server-to-client-flow",
	"terminated-server-to-client-flow" : "TERMINATED_SERVER_TO_CLIENT_FLOW",
	"TERMINATION_STATE_UNKNOWN" : "termination-state-unknown",
	"termination-state-unknown" : "TERMINATION_STATE_UNKNOWN",
	"TerminationDirection" : "termination-direction",
	"termination-direction" : "TerminationDirection",
	"TerminationState" : "termination-state",
	"termination-state" : "TerminationState",
	"TestType" : "test-type",
	"test-type" : "TestType",
	"thermalRating" : "thermal-rating",
	"thermal-rating" : "thermalRating",
	"TIM" : "tim",
	"tim" : "TIM",
	"TimDetMo" : "tim-det-mo",
	"tim-det-mo" : "TimDetMo",
	"time1024States" : "time1024-states",
	"time1024-states" : "time1024States",
	"time1024StatesL" : "time1024-states-l",
	"time1024-states-l" : "time1024StatesL",
	"time128States" : "time128-states",
	"time128-states" : "time128States",
	"time16States" : "time16-states",
	"time16-states" : "time16States",
	"time16StatesS" : "time16-states-s",
	"time16-states-s" : "time16StatesS",
	"time2048States" : "time2048-states",
	"time2048-states" : "time2048States",
	"time2048StatesL" : "time2048-states-l",
	"time2048-states-l" : "time2048StatesL",
	"time256States" : "time256-states",
	"time256-states" : "time256States",
	"time2States" : "time2-states",
	"time2-states" : "time2States",
	"time32States" : "time32-states",
	"time32-states" : "time32States",
	"time4096States" : "time4096-states",
	"time4096-states" : "time4096States",
	"time4096StatesL" : "time4096-states-l",
	"time4096-states-l" : "time4096StatesL",
	"time4States" : "time4-states",
	"time4-states" : "time4States",
	"time4StatesS" : "time4-states-s",
	"time4-states-s" : "time4StatesS",
	"time512States" : "time512-states",
	"time512-states" : "time512States",
	"time512StatesL" : "time512-states-l",
	"time512-states-l" : "time512StatesL",
	"time64States" : "time64-states",
	"time64-states" : "time64States",
	"time8192States" : "time8192-states",
	"time8192-states" : "time8192States",
	"time8192StatesL" : "time8192-states-l",
	"time8192-states-l" : "time8192StatesL",
	"time8States" : "time8-states",
	"time8-states" : "time8States",
	"timePeriod" : "time-period",
	"time-period" : "timePeriod",
	"timeStamp" : "time-stamp",
	"time-stamp" : "timeStamp",
	"ToBeDefined" : "to-be-defined",
	"to-be-defined" : "ToBeDefined",
	"transmissionModeId" : "transmission-mode-id",
	"transmission-mode-id" : "transmissionModeId",
	"transmissionModeList" : "transmission-mode-list",
	"transmission-mode-list" : "transmissionModeList",
	"TransmissionModeType" : "transmission-mode-type",
	"transmission-mode-type" : "TransmissionModeType",
	"transmitterIsOn" : "transmitter-is-on",
	"transmitter-is-on" : "transmitterIsOn",
	"TRANSPARENT" : "transparent",
	"transparent" : "TRANSPARENT",
	"txChannelBandwidth" : "tx-channel-bandwidth",
	"tx-channel-bandwidth" : "txChannelBandwidth",
	"txEthernetBytesMaxM" : "tx-ethernet-bytes-max-m",
	"tx-ethernet-bytes-max-m" : "txEthernetBytesMaxM",
	"txEthernetBytesMaxS" : "tx-ethernet-bytes-max-s",
	"tx-ethernet-bytes-max-s" : "txEthernetBytesMaxS",
	"txEthernetBytesSum" : "tx-ethernet-bytes-sum",
	"tx-ethernet-bytes-sum" : "txEthernetBytesSum",
	"txFrequency" : "tx-frequency",
	"tx-frequency" : "txFrequency",
	"txFrequencyCur" : "tx-frequency-cur",
	"tx-frequency-cur" : "txFrequencyCur",
	"txFrequencyMax" : "tx-frequency-max",
	"tx-frequency-max" : "txFrequencyMax",
	"txFrequencyMin" : "tx-frequency-min",
	"tx-frequency-min" : "txFrequencyMin",
	"txLevelAvg" : "tx-level-avg",
	"tx-level-avg" : "txLevelAvg",
	"txLevelCur" : "tx-level-cur",
	"tx-level-cur" : "txLevelCur",
	"txLevelMax" : "tx-level-max",
	"tx-level-max" : "txLevelMax",
	"txLevelMin" : "tx-level-min",
	"tx-level-min" : "txLevelMin",
	"txPower" : "tx-power",
	"tx-power" : "txPower",
	"txPowerMax" : "tx-power-max",
	"tx-power-max" : "txPowerMax",
	"txPowerMin" : "tx-power-min",
	"tx-power-min" : "txPowerMin",
	"Type_Definitions" : "type-definitions",
	"type-definitions" : "Type_Definitions",
	"TypeDefinitions" : "type-definitions",
	"type-definitions" : "TypeDefinitions",
	"typeName" : "type-name",
	"type-name" : "typeName",
	"typeOfEquipment" : "type-of-equipment",
	"type-of-equipment" : "typeOfEquipment",
	"UNDEFINED_OR_UNKNOWN" : "undefined-or-unknown",
	"undefined-or-unknown" : "UNDEFINED_OR_UNKNOWN",
	"UNIDENTIFIED_OR_UNKNOWN" : "unidentified-or-unknown",
	"unidentified-or-unknown" : "UNIDENTIFIED_OR_UNKNOWN",
	"UNIDIRECTIONAL" : "unidirectional",
	"unidirectional" : "UNIDIRECTIONAL",
	"UniversalId" : "universal-id",
	"universal-id" : "UniversalId",
	"UniversalIdAuthority" : "universal-id-authority",
	"universal-id-authority" : "UniversalIdAuthority",
	"UNKNOWN" : "unknown",
	"unknown" : "UNKNOWN",
	"UNLOCK" : "unlock",
	"unlock" : "UNLOCK",
	"UNLOCKED" : "unlocked",
	"unlocked" : "UNLOCKED",
	"valueName" : "value-name",
	"value-name" : "valueName",
	"VENDOR_SPECIFIC" : "vendor-specific",
	"vendor-specific" : "VENDOR_SPECIFIC",
	"VERTICAL" : "vertical",
	"vertical" : "VERTICAL",
	"vlanCompressionIsAvail" : "vlan-compression-is-avail",
	"vlan-compression-is-avail" : "vlanCompressionIsAvail",
	"vlanCompressionIsOn" : "vlan-compression-is-on",
	"vlan-compression-is-on" : "vlanCompressionIsOn",
	"WAIT_TO_REVERT" : "wait-to-revert",
	"wait-to-revert" : "WAIT_TO_REVERT",
	"waitToRestoreTime" : "wait-to-restore-time",
	"wait-to-restore-time" : "waitToRestoreTime",
	"waitToRevertTime" : "wait-to-revert-time",
	"wait-to-revert-time" : "waitToRevertTime",
	"WARNING" : "warning",
	"warning" : "WARNING",
	"weightCharaceristics" : "weight-characeristics",
	"weight-characeristics" : "weightCharaceristics",
	"WORKING" : "working",
	"working" : "WORKING",
	"X.721" : "x.721",
	"x.721" : "X.721",
	"X.721_Top" : "x.721-top",
	"x.721-top" : "X.721_Top",
	"X.739" : "x.739",
	"x.739" : "X.739",
	"X.739_Scanner" : "x.739-scanner",
	"x.739-scanner" : "X.739_Scanner",
	"xpdAvg" : "xpd-avg",
	"xpd-avg" : "xpdAvg",
	"xpdCur" : "xpd-cur",
	"xpd-cur" : "xpdCur",
	"xpdMax" : "xpd-max",
	"xpd-max" : "xpdMax",
	"xpdMin" : "xpd-min",
	"xpd-min" : "xpdMin",
	"xpicIsAvail" : "xpic-is-avail",
	"xpic-is-avail" : "xpicIsAvail",
	"xpicIsOn" : "xpic-is-on",
	"xpic-is-on" : "xpicIsOn",
	"xpicIsUp" : "xpic-is-up",
	"xpic-is-up" : "xpicIsUp"
}

